id,tweet_text,tweet_date,sentiment,query_used
1031731692220952581,@marcelarras Se não provar é mentira :),Tue Aug 21 02:36:18 +0000 2018,Positivo,:)
1031733294373720065,@HiramYT_ MENTIRA :),Tue Aug 21 02:42:40 +0000 2018,Positivo,:)
1031723684694814721,"mentira, sinto falta do candy crush :)",Tue Aug 21 02:04:29 +0000 2018,Positivo,:)
1031708843896696837,Isso e mentira a melhor loja é a OverMc passem la :D,Tue Aug 21 01:05:31 +0000 2018,Positivo,:)
1031701000284000257,@Gabrielmelo0304 mentira KKKKKKKKKK você que é rico me dá um all star de presente :),Tue Aug 21 00:34:21 +0000 2018,Positivo,:)
1031617468832403458,fingindo demência enquanto percebo mentiras de pessoas q chamo de amigos :),Mon Aug 20 19:02:25 +0000 2018,Positivo,:)
1031596608285224962,Mentira gosto de ser flop pq eu falo sozinha :),Mon Aug 20 17:39:32 +0000 2018,Positivo,:)
1031492743070212096,@a_amdds_ N sabes pq é mentira :),Mon Aug 20 10:46:48 +0000 2018,Positivo,:)
1031582644751007744,@aimegamasilva5 e serio :) mentira mas eu lembro e xono,Mon Aug 20 16:44:03 +0000 2018,Positivo,:)
1031552902651949056,Mentira agora no Brasil tem apelido :) https://t.co/PDUH93kDV0,Mon Aug 20 14:45:51 +0000 2018,Positivo,:)
1031534242096979969,@raulrompam Todo era mentira :D,Mon Aug 20 13:31:42 +0000 2018,Positivo,:)
1031412537613590528,"mentira, na verdade eu vou ficar acordado remoendo isso :)) https://t.co/vhtT8UU2sF",Mon Aug 20 05:28:06 +0000 2018,Positivo,:)
1031359523011944448,mentira dele eu sou mto bem humorado e feliz com a vida :D:D:D:D https://t.co/TTHU0XikUH,Mon Aug 20 01:57:26 +0000 2018,Positivo,:)
1031334504684761088,"Mentira, sinto o cheiro do detergente do chao pq a minha irmã o está a lavar :)",Mon Aug 20 00:18:01 +0000 2018,Positivo,:)
1031353307204407302,"O teu amor é uma mentira que a minha vaidade quer E o meu, poesia de cego, você não pode ver... :)",Mon Aug 20 01:32:44 +0000 2018,Positivo,:)
1031349426361647104,@notalive01 @ddasilva201 verdade ou mentira :p,Mon Aug 20 01:17:19 +0000 2018,Positivo,:)
1031265570795253760,Campeonato português campeonato da mentira :),Sun Aug 19 19:44:06 +0000 2018,Positivo,:)
1031238762817368072,"@dangereffects @OSmaiilyiz Mentiras ? Ta bom man vcs tiveram a razão em 🤗👏 Creio que demoted nem foi pelo ""aviso"" ja que lá levam qualquer coisa pro pessoal :D",Sun Aug 19 17:57:35 +0000 2018,Positivo,:)
1031169230882922496,Uma relação baseada em mentiras :) https://t.co/2toCTIpJLa,Sun Aug 19 13:21:17 +0000 2018,Positivo,:)
1030923491837702145,@uDrezzy Mentira Dreezy se ficou saboroso tá ótimo :-),Sat Aug 18 21:04:48 +0000 2018,Positivo,:)
1030889371472486400,"@wtfkmarina Mentira, meu amigo felipe tb me salva :)",Sat Aug 18 18:49:13 +0000 2018,Positivo,:)
1030868579699318784,"@Ampulzera @Mala_Br sim mano é mentira, eu preciso mentir tenho medo de descobrirem q eu jogo minecraft :D!",Sat Aug 18 17:26:36 +0000 2018,Positivo,:)
1030835426679029761,Do you miss anyone right now? 😢 — q? mentira eu traduzir no google kkkkk sim sinto sim :) https://t.co/gXitj5Yp5y,Sat Aug 18 15:14:52 +0000 2018,Positivo,:)
1030826358124027904,xd ate parece q e mentira numero 6 é mpt msma zona btw :) — Ahhhh só percebi agr sry mb https://t.co/Rcrzda0Fmx,Sat Aug 18 14:38:50 +0000 2018,Positivo,:)
1030790109912866816,mentira nctzens pf nao derrubem minha conta :P so to pedindo p meterem uma musica cheia d auto tune no album com uns skrrr pra eu me acabar.,Sat Aug 18 12:14:48 +0000 2018,Positivo,:)
1030772786283859968,Crushsuhshuh :D — Mentiraaaaa siempre toy más solo que la 1 XDDDDDD https://t.co/9VNM7a63wj,Sat Aug 18 11:05:57 +0000 2018,Positivo,:)
1030642667586314240,@gilliandersxon mentira vai tudo pras coxas também :) só celulite,Sat Aug 18 02:28:55 +0000 2018,Positivo,:)
1030753842709835777,Mentira. Boris Casoy desmentiu isso ao vivo na cara do Bolsonaro. rs :) https://t.co/AFdUKvCxx8,Sat Aug 18 09:50:41 +0000 2018,Positivo,:)
1030641743958614016,"parece muito mentira cara... mas tá acontecendo e isso é surreal. vai demorar décadas para isso acontecer aqui no Brasil mas até lá, eu e mais um monte de pessoas vamos lutar pela Legalização e por essa maravilha :)) https://t.co/3h9R7x5UjS",Sat Aug 18 02:25:14 +0000 2018,Positivo,:)
1030623625001541633,famosinhaaaaa mentira &lt;3 — &gt;:D https://t.co/BuRJdPAEE3,Sat Aug 18 01:13:14 +0000 2018,Positivo,:)
1030672963765522432,"@0creativity_ no, mentira. Seguro que tu boca sabe a manzana roja guiu :p",Sat Aug 18 04:29:18 +0000 2018,Positivo,:)
1030690694204203008,@juckxs MENTIRA!!! Quando?! :D,Sat Aug 18 05:39:45 +0000 2018,Positivo,:)
1030618222377222144,:) Mentira. https://t.co/wZZIC9ikRJ,Sat Aug 18 00:51:46 +0000 2018,Positivo,:)
1030608975266566144,"Oi vc é tão bonitinha :) — oi, mentira, sou linda https://t.co/gEummqSX84",Sat Aug 18 00:15:02 +0000 2018,Positivo,:)
1030519687854075905,@invhopeworld LKSNDKDKS aaaai mentira que eh tua fic fav 💓💓 menina eu apaixonei demais nessa fanfic e a autora eh um anjo :)) espero que tenha gostado do trailer,Fri Aug 17 18:20:14 +0000 2018,Positivo,:)
1030470427666198528,@saracptf toda a gente sabe que isso é mentira :p,Fri Aug 17 15:04:29 +0000 2018,Positivo,:)
1030455421042081793,"mentira, lembrei que não sou musico e que não entendo nada de musica, então não sou ninguem pra comentar #Sweetener :)",Fri Aug 17 14:04:51 +0000 2018,Positivo,:)
1030438102089785344,@Silvia_dePaulaa Mentira. Nem posso... A vida é tristi pros gordins que tao tentando emagrecer... :),Fri Aug 17 12:56:02 +0000 2018,Positivo,:)
1030420834953908225,"mentira, foram 3 pessoas (contando comigo), cada aula com 30min (cada dois horários no caso) e ainda nem teve aula de artes e sai dois horários mais cedo :))))) https://t.co/DW38PFFQAm",Fri Aug 17 11:47:26 +0000 2018,Positivo,:)
1030240116806221825,@dosogas es mentira :),Thu Aug 16 23:49:19 +0000 2018,Positivo,:)
1030223992781717505,@LycanlitosV @Senorita_Azuul Mentira :D,Thu Aug 16 22:45:15 +0000 2018,Positivo,:)
1030210102492585984,@martiim17 Que mentira :))),Thu Aug 16 21:50:03 +0000 2018,Positivo,:)
1030155652033912834,@_ines7_ até parece mentira :),Thu Aug 16 18:13:41 +0000 2018,Positivo,:)
1030126526652665861,Mentira q é comigo : ) https://t.co/afY1vxuYFa,Thu Aug 16 16:17:57 +0000 2018,Positivo,:)
1029945932706664450,"@sadivward Ollie. :D Mentira, no sé.",Thu Aug 16 04:20:20 +0000 2018,Positivo,:)
1029958187640872960,@Blurry_Muke Que linda mentira :D #iHeartRadioMMVAs #MMVAs #FFGroup5SOS,Thu Aug 16 05:09:02 +0000 2018,Positivo,:)
1029900853996601345,"mentira, pq a gente dá um jeito e estuda mesmo assim :)",Thu Aug 16 01:21:12 +0000 2018,Positivo,:)
1029885690853695494,"@arthesnroses mentira??? pode ver sim é incrível, pra mim o único filme de romance que prestou nesse século :)",Thu Aug 16 00:20:57 +0000 2018,Positivo,:)
1029841394406514693,@megsgfx Mentira :)),Wed Aug 15 21:24:56 +0000 2018,Positivo,:)
1029818070703980545,@L_x_Jauregui Mentira :),Wed Aug 15 19:52:15 +0000 2018,Positivo,:)
1029816349974044675,@linebyun eU NÃO SEI se for mentira eu mato alguém :p,Wed Aug 15 19:45:25 +0000 2018,Positivo,:)
1029788147704586240,contei uma mentira por parágrafo mas meu amor continua o mesmo :) https://t.co/p7q3HYxROm,Wed Aug 15 17:53:21 +0000 2018,Positivo,:)
1029798330698817536,@mptlucaas @inesdiasx Mentiraaa. @AndreAmaro2002 comprova. :) 😂😂😂 jk.,Wed Aug 15 18:33:49 +0000 2018,Positivo,:)
1029790030846480384,"Isto é só mentira, não acreditem :) miopia e hipermetropia são problemas de cristalino que fica DENTRO do olho. E não há nenhum líquido que entre lá dentro. De nada. https://t.co/tA2kmeWLMW",Wed Aug 15 18:00:50 +0000 2018,Positivo,:)
1029763899892133888,@evelynromanini Mentira nem fico :),Wed Aug 15 16:17:00 +0000 2018,Positivo,:)
1031858685340012544,@992DH @L93DY MENTIRA DE NOVO &gt;:(,Tue Aug 21 11:00:56 +0000 2018,Negativo,:(
1031861270008537090,@Daenelskar Mentira :(,Tue Aug 21 11:11:12 +0000 2018,Negativo,:(
1031858750846652416,"@0XXEVE Mentira? Que bom, meu deus do céu. :(",Tue Aug 21 11:01:11 +0000 2018,Negativo,:(
1031856398592868352,@nihlaski Mentira &gt;:(,Tue Aug 21 10:51:51 +0000 2018,Negativo,:(
1031851506306142211,@kookiesycream Mentira seguro :(,Tue Aug 21 10:32:24 +0000 2018,Negativo,:(
1031850893489123328,@venecasagrande Isso e mentira não é possível :(,Tue Aug 21 10:29:58 +0000 2018,Negativo,:(
1031763844375490560,mentira não resolvi e to odiando ficar travando :(,Tue Aug 21 04:44:04 +0000 2018,Negativo,:(
1031746544582766594,Mentira rebentei o macarrão todo :(,Tue Aug 21 03:35:19 +0000 2018,Negativo,:(
1031744148192342016,@bxuckxrd_E Mentiras :(,Tue Aug 21 03:25:48 +0000 2018,Negativo,:(
1031739584877608960,Namorado dela aqui seu merda Mentira eu nem tenho namorada rsrs :(,Tue Aug 21 03:07:40 +0000 2018,Negativo,:(
1031740121366839297,@mastheuu ai mentira? :(,Tue Aug 21 03:09:48 +0000 2018,Negativo,:(
1031734664342458373,mentira que a hayley não ganhou :(((,Tue Aug 21 02:48:07 +0000 2018,Negativo,:(
1031731345012285440,@boulanyi Mentira :(,Tue Aug 21 02:34:55 +0000 2018,Negativo,:(
1031728293458976768,@PortalMaisPop Mentira que Ariana perdeu essa :((((,Tue Aug 21 02:22:48 +0000 2018,Negativo,:(
1031722576320626689,"Mentira, nadie me liga. :(",Tue Aug 21 02:00:05 +0000 2018,Negativo,:(
1031719001305563137,mentira que o eunkwang já vai se alistar :( #WaitingForSilverLight,Tue Aug 21 01:45:52 +0000 2018,Negativo,:(
1031714628013830145,"mentira, eu queria ter comprado o butterfly :( o rapaz da loja deve tá me esperando até agora",Tue Aug 21 01:28:30 +0000 2018,Negativo,:(
1031699390086438912,@Felipevilhena_1 é mentira só faço dia 21 de janeiro :(,Tue Aug 21 00:27:57 +0000 2018,Negativo,:(
1031697424857874432,@271CN mentira meu bebê lindo te amo :(,Tue Aug 21 00:20:08 +0000 2018,Negativo,:(
1031694370746060800,@naoeakazinha Mentira era fhc :(,Tue Aug 21 00:08:00 +0000 2018,Negativo,:(
1031694013177454592,Mentira :( só quero um amorzinho,Tue Aug 21 00:06:35 +0000 2018,Negativo,:(
1031681081966247936,@curditas Mentiraaaa. :((,Mon Aug 20 23:15:12 +0000 2018,Negativo,:(
1031682136254758913,@icesttone que mentira :(,Mon Aug 20 23:19:23 +0000 2018,Negativo,:(
1031677185499836416,@blmlhj é mentira isso :( ela tá foragida ainda,Mon Aug 20 22:59:43 +0000 2018,Negativo,:(
1031672605957341186,@nashlums Eu sei q é mentira :( kakakakak Que homem?,Mon Aug 20 22:41:31 +0000 2018,Negativo,:(
1031672617835683845,@inescardoso1905 e não é mentira :((,Mon Aug 20 22:41:34 +0000 2018,Negativo,:(
1031652609629802496,MENTIRA :((( https://t.co/LQxo1i4VJY,Mon Aug 20 21:22:03 +0000 2018,Negativo,:(
1031652665640538112,Mentira :( https://t.co/T0THfwdD2X,Mon Aug 20 21:22:17 +0000 2018,Negativo,:(
1031654469262614529,@fairycnco 15 🌚 JSSKSKKAMSKAKA mentira vou fazer 23 :(,Mon Aug 20 21:29:27 +0000 2018,Negativo,:(
1031641940507459589,Mentira :(((((( https://t.co/GDPU9wzh6w,Mon Aug 20 20:39:40 +0000 2018,Negativo,:(
1031641532883976193,@TheShooterCoC Mentira no me vas a seguir :(,Mon Aug 20 20:38:03 +0000 2018,Negativo,:(
1031585158003126272,@jakeperaItas a mentira :( vou continuar pensando q eh a dele rs,Mon Aug 20 16:54:02 +0000 2018,Negativo,:(
1031617160009986048,mentira :( https://t.co/1DYXOPaWoQ,Mon Aug 20 19:01:12 +0000 2018,Negativo,:(
1031617416353263617,@BTSARMYCastle NOSSA MENTIRA AF meu deus queria ter visto :(((,Mon Aug 20 19:02:13 +0000 2018,Negativo,:(
1031613378228367362,@vitorhsouza_ E falam mentiras :(,Mon Aug 20 18:46:10 +0000 2018,Negativo,:(
1031600642211622913,Mentira :( https://t.co/putFE9ftLR,Mon Aug 20 17:55:33 +0000 2018,Negativo,:(
1031579751364919296,@mmaethe Perdeu a chave do nariz? :(( Mentira melhoras maethee,Mon Aug 20 16:32:33 +0000 2018,Negativo,:(
1031568848888188928,@Gabrielwicz Mentira :( eu amo eles 🙎,Mon Aug 20 15:49:13 +0000 2018,Negativo,:(
1031562297284616192,que mentira eu sinto sua falta tds os dias quando a gente deitava e via filme clichê com sorvete sem se preocupar com nada :( https://t.co/uedCSImxCA,Mon Aug 20 15:23:11 +0000 2018,Negativo,:(
1031556952789319680,@RetardedValeria mentira :(,Mon Aug 20 15:01:57 +0000 2018,Negativo,:(
1031551503989915650,@SunshineOfMom aaaaaaaaa mentira poxa que saco :((,Mon Aug 20 14:40:18 +0000 2018,Negativo,:(
1031549462898991105,@natfoschine Aaaaaaaaaa mentira :(((,Mon Aug 20 14:32:11 +0000 2018,Negativo,:(
1031544238750793729,@moreiraems mentira??? já? mas começa na sexta minha conf :(,Mon Aug 20 14:11:26 +0000 2018,Negativo,:(
1031577826061963264,"mentira bebê, aaa eu to ansiosa!! espero que não esteja se esforçando mais do que deve :((, eu realmente acho que vai superar as expectativas mesmo ㅋㅋ, eu te amo muito https://t.co/3ekVC97Rfz",Mon Aug 20 16:24:54 +0000 2018,Negativo,:(
1031503518375583744,@mautemima Mentira :(,Mon Aug 20 11:29:37 +0000 2018,Negativo,:(
1031498788924477442,Digam me q isto é mentira :((((( https://t.co/mztwKzVeQ4,Mon Aug 20 11:10:50 +0000 2018,Negativo,:(
1031460972114980864,@Mard1_Bum MENTIRA pena que deve ser dublado :(,Mon Aug 20 08:40:34 +0000 2018,Negativo,:(
1031376942430388225,"@_JULIACRF Mentira, a maior parte do role eu to presa em algum banheiro aí nem da pra pegar geral :(",Mon Aug 20 03:06:39 +0000 2018,Negativo,:(
1031373327137492993,@hyunjxnn ai que mentira!! eu nunca te bati ou dei patada :(,Mon Aug 20 02:52:17 +0000 2018,Negativo,:(
1031371380854534144,@Pugliesoide Mentira :(,Mon Aug 20 02:44:33 +0000 2018,Negativo,:(
1031366771247407104,mentira :(,Mon Aug 20 02:26:14 +0000 2018,Negativo,:(
1031363770646515712,@manuamaralll Mentira não foi não :(,Mon Aug 20 02:14:19 +0000 2018,Negativo,:(
1031360550024998913,@cahmontemor AH MENTIRA!! eu nem lembro do 1 preciso maratonar todos :(,Mon Aug 20 02:01:31 +0000 2018,Negativo,:(
1031359553152147457,"mentira, ela tbm foi vítima :(",Mon Aug 20 01:57:33 +0000 2018,Negativo,:(
1031358814036090885,"@liicenobre Se não fosse mentira eu até acreditava. Chega Alagoano, to cansada de ser enganada :(",Mon Aug 20 01:54:37 +0000 2018,Negativo,:(
1031358069102530561,@maducerca amiga foi sem querer mentira é pq meu pai tbm quer ir e ele não pode aí eu tava sem dinheirinho não deu :( mas semana q vem eu vou,Mon Aug 20 01:51:40 +0000 2018,Negativo,:(
1031353105710043136,@flavyamuniz Mentira :( o que houve?,Mon Aug 20 01:31:56 +0000 2018,Negativo,:(
1031341713477050371,"@Patrux08 Mentira que a culpa sempre é minha, para de roubar a culpa dos outros &gt;:(",Mon Aug 20 00:46:40 +0000 2018,Negativo,:(
1031332603297759232,"Perdi um 1kg, to me sentindo a magra! Mentira :( ainda falta muito pra isso kkkkkkk",Mon Aug 20 00:10:28 +0000 2018,Negativo,:(
1031321308188090373,@JinYoungArg mentira :(((,Sun Aug 19 23:25:35 +0000 2018,Negativo,:(
1031308366096855041,@drewzinhz uma pena que isso eh mentira :(,Sun Aug 19 22:34:09 +0000 2018,Negativo,:(
1031302003002167297,@pedekaas mentira pedekas :( fiquei tão tristinha agora,Sun Aug 19 22:08:52 +0000 2018,Negativo,:(
1031303214275149824,"@jooaoosa que mentira, é sem querer :(",Sun Aug 19 22:13:41 +0000 2018,Negativo,:(
1031298432269541376,@Ritaa_Ferreira_ Mentira ninguém me quer :(,Sun Aug 19 21:54:41 +0000 2018,Negativo,:(
1031296130062200832,@GiovanaTboquini mentira que você foi???? aaaa :( eu tava no camarote front amg,Sun Aug 19 21:45:32 +0000 2018,Negativo,:(
1031279395468726278,"Mentira, acabei de falhar :(",Sun Aug 19 20:39:02 +0000 2018,Negativo,:(
1031271963665334273,@Wolframico Mentira :(((,Sun Aug 19 20:09:30 +0000 2018,Negativo,:(
1031206920655437831,"@heitor1611 mentira, sua irmã é hetero :(",Sun Aug 19 15:51:03 +0000 2018,Negativo,:(
1031258383922409472,@kookienoie @BTS_twt EUUUUUUUUU mentira nunca tenho sorte com sorteios :((,Sun Aug 19 19:15:33 +0000 2018,Negativo,:(
1031253314665684997,Vivi uma mentira achando que eles podiam ficar com os brinquedos :(,Sun Aug 19 18:55:24 +0000 2018,Negativo,:(
1031229121408458752,@alejandroguzmnr Que mentira :(,Sun Aug 19 17:19:16 +0000 2018,Negativo,:(
1031228613344014338,@hgdca poxaaaa mentira :(( ia ser mais incrível ainda se vc tivesse ido,Sun Aug 19 17:17:15 +0000 2018,Negativo,:(
1031200764268568587,"@Ocaiqwe Mentira, sério??? Vamos um dia :(",Sun Aug 19 15:26:35 +0000 2018,Negativo,:(
1031200058467934208,"@minadoguccimane MENTIRA O QUE HOUVE tô por fora de tudo mas você tá bem???? se eu morasse em SP, dividia um aluguel contigo. :(",Sun Aug 19 15:23:47 +0000 2018,Negativo,:(
1031166190582943744,era mentira :( https://t.co/7wT5gRKK2k,Sun Aug 19 13:09:12 +0000 2018,Negativo,:(
1031158373218222080,mentira :( https://t.co/boZ4M8PJb0,Sun Aug 19 12:38:08 +0000 2018,Negativo,:(
1031162844665061382,@bonjourxz Mentira brasil n e 1 mundo :(,Sun Aug 19 12:55:54 +0000 2018,Negativo,:(
1031150694366158848,"Mentira, eu amo, mas eu não queria pensar no que aconteceu DPS do final :(((",Sun Aug 19 12:07:38 +0000 2018,Negativo,:(
1031137723812388864,@karinemeloz Que mentira!! :(,Sun Aug 19 11:16:05 +0000 2018,Negativo,:(
1031055030261047297,ah mentira. pensava que tu nao tinha ouvido .. ia me garantir que tenho bom gosto :( — seu bom gosto tá resguardado https://t.co/Gq9Vi7RRlJ,Sun Aug 19 05:47:29 +0000 2018,Negativo,:(
1031030371268341761,@pjmnstax a mas eu não disse nenhuma mentira !! você que é um amorzinho fico triste :((,Sun Aug 19 04:09:30 +0000 2018,Negativo,:(
1031015934402736128,"@sprvngle Mentira, te amo :((",Sun Aug 19 03:12:08 +0000 2018,Negativo,:(
1031004723594317824,mas eu nao falei mentiras :( https://t.co/nQgTSJVYqH,Sun Aug 19 02:27:35 +0000 2018,Negativo,:(
1030991806358544385,@yooncaffe mentira vc ta bem meu amor?? :(,Sun Aug 19 01:36:16 +0000 2018,Negativo,:(
1030979416577531904,mentira :(,Sun Aug 19 00:47:02 +0000 2018,Negativo,:(
1030959264649682945,"Eu odeio mentira, isso me magoa muito!!!! :((((",Sat Aug 18 23:26:57 +0000 2018,Negativo,:(
1030958409183571973,@adrilanepasqual Eeeh mentiraaaa as pessoas vão achar que sou uma má friend :(( I love you sisss 💛,Sat Aug 18 23:23:33 +0000 2018,Negativo,:(
1030958637118881793,@rodrizinho AHAHAHAHHAHAHA isso é mentira antes de ter namorads não era asim não :(( sempre gui uma pessoa super ocupada achas o quê?,Sat Aug 18 23:24:28 +0000 2018,Negativo,:(
1030960596957777921,mentira acho q isso é impossivel de acontecer :((,Sat Aug 18 23:32:15 +0000 2018,Negativo,:(
1030955831725092864,"@Starkabello mentira, vc não ia aceitar mesmo meu pedido :((",Sat Aug 18 23:13:19 +0000 2018,Negativo,:(
1030947402973425665,"@lgbtmaz Se cantada, seria uma mentira. Exceto se estivesse no passado. Mas ainda é presente :( (viage kkk)",Sat Aug 18 22:39:49 +0000 2018,Negativo,:(
1030937843194060805,@mukevalentine muito mentira você que roubou e me deixou sem :(,Sat Aug 18 22:01:50 +0000 2018,Negativo,:(
1030937602906628096,@beaatriste MENTIRA Q TU ME GRITOU AAAAAAA EU NAO OUVI ME PERDOAAAAA na hora q eu te vi tu tava longe e n consegui chegar em ti a tempo :(,Sat Aug 18 22:00:53 +0000 2018,Negativo,:(
1030934573008543746,mentira :( https://t.co/1JApkfInKQ,Sat Aug 18 21:48:50 +0000 2018,Negativo,:(
1030930297523646464,@leoncontreras95 Mentira :(,Sat Aug 18 21:31:51 +0000 2018,Negativo,:(
1030918904967847937,"@ManelFigueired Mentira, já n me ligas nenhuma :(",Sat Aug 18 20:46:35 +0000 2018,Negativo,:(
1030921378172755969,@Kj4xd mentira baby tu não jogavas :(,Sat Aug 18 20:56:24 +0000 2018,Negativo,:(
1030919178516082689,@valentinablmf Aaaa mentiraa :((,Sat Aug 18 20:47:40 +0000 2018,Negativo,:(
1030899381288017927,mentira ya eu queria bué ir mas amanhã tenho q acordar cedo demais :(,Sat Aug 18 19:29:00 +0000 2018,Negativo,:(
1030898939745247235,Mentira :( https://t.co/JNm16dKOLo,Sat Aug 18 19:27:15 +0000 2018,Negativo,:(
1030878027717267456,sim :( MENTIRA OK ANJO TE AMO https://t.co/KaBY7q2n4g,Sat Aug 18 18:04:09 +0000 2018,Negativo,:(
1030877372013314053,@lobatotabita Mentira q tu não vai :(,Sat Aug 18 18:01:32 +0000 2018,Negativo,:(
1030857256131280897,@eIeanorigsby É mentira sua &gt;:(,Sat Aug 18 16:41:36 +0000 2018,Negativo,:(
1030841940831600641,@SofiaTavani2 Mentira :(,Sat Aug 18 15:40:45 +0000 2018,Negativo,:(
1030840867043635201,@Agoney AGONEY te odio (mentira) :(,Sat Aug 18 15:36:29 +0000 2018,Negativo,:(
1030828704476344322,"@Lourmontenegro1 @JimeMedina_ nooo, mentira :(",Sat Aug 18 14:48:09 +0000 2018,Negativo,:(
1030830724147027970,@ttaefood es mentira :(,Sat Aug 18 14:56:11 +0000 2018,Negativo,:(
1030813054827749376,"mentira que going crazy é uma música injustiçada do exo? minha fav do álbum poxa :( mas realmente, poucas pessoas falaram/falam de going crazy",Sat Aug 18 13:45:58 +0000 2018,Negativo,:(
1030808748556804096,@icetfire Tiagooo.. mais mentiras ? Fds para :((,Sat Aug 18 13:28:51 +0000 2018,Negativo,:(
1030806993664180224,@luisacdoria ahhh mentira :(,Sat Aug 18 13:21:53 +0000 2018,Negativo,:(
1030797600973312000,MENTIRA MANO MEU TATUADOR :-( AAAAAAAAAA https://t.co/vwMmZHLxX5,Sat Aug 18 12:44:34 +0000 2018,Negativo,:(
1030754667561660417,"@ADSUKZ mentira, não sou mascote &gt;:(",Sat Aug 18 09:53:57 +0000 2018,Negativo,:(
1030685288434200576,@risefirepure mentira we jfhds todo lo contrario :(,Sat Aug 18 05:18:16 +0000 2018,Negativo,:(
1030680670635536384,@JEONlEL mentira :((,Sat Aug 18 04:59:55 +0000 2018,Negativo,:(
1030645590185656320,@Salvatxrx Mentiras :((,Sat Aug 18 02:40:31 +0000 2018,Negativo,:(
1030635488141619200,E toda vez que você me disser OI. Mentira você nunca vai me falar oi :(,Sat Aug 18 02:00:23 +0000 2018,Negativo,:(
1030623792274571264,"@koecris Mentiraaaaaaa, você que não fala mais cmg :( :( :(",Sat Aug 18 01:13:54 +0000 2018,Negativo,:(
1030622865958338561,mentira tem o crush master mas ele é muita areia pro meu caminhão :( e tem a crush comunista também muito fofissima ela,Sat Aug 18 01:10:13 +0000 2018,Negativo,:(
1030624593378193408,"@nunesyury7 mentira, eu não sou assim tá :(",Sat Aug 18 01:17:05 +0000 2018,Negativo,:(
1030621880615677955,@OLY25_ :( mentira,Sat Aug 18 01:06:19 +0000 2018,Negativo,:(
1030620594411393024,@FulgorDoNewt A MENTIRA entao juntaram :(((( VC Q ME DEU SPOILER AGORA SEU MALDITO!!!!!! sai daqui,Sat Aug 18 01:01:12 +0000 2018,Negativo,:(
1030605321037930498,@syreelectric amiga mentira :(,Sat Aug 18 00:00:30 +0000 2018,Negativo,:(
1030597918330441728,"@Y29KH KKKKKKKKKKKKKKKKk Te odeio. Mentira, eu te amo demais!@#% :(",Fri Aug 17 23:31:05 +0000 2018,Negativo,:(
1030589098937995264,@dreia2601 @marianaalves452 MENTIRA ! :(,Fri Aug 17 22:56:03 +0000 2018,Negativo,:(
1030581262933745664,@noahtshaw MENTIRA SÉRIO???? eu tava querendo fazer uma edit :(,Fri Aug 17 22:24:55 +0000 2018,Negativo,:(
1030573020082003968,@gabigarciaY @AyeStagnitto mentira negra :( no te enojes,Fri Aug 17 21:52:09 +0000 2018,Negativo,:(
1030572076082647040,@falaindia que mentira!!!!!!!!!!!!!!!!! meus elogios são sinceros poxa :(,Fri Aug 17 21:48:24 +0000 2018,Negativo,:(
1030572102905221120,"mentira, eu queria ficar doidão cabuloso mermo, mas hj n vai da :((((((((",Fri Aug 17 21:48:31 +0000 2018,Negativo,:(
1030565910233399296,mentira que aí ainda tá frio — Em curitiba tá :((( https://t.co/6CwAezoWjl,Fri Aug 17 21:23:54 +0000 2018,Negativo,:(
1030566271316897792,era mentira eu queria sim :(( vem,Fri Aug 17 21:25:20 +0000 2018,Negativo,:(
1030562895992692736,@carloscfreitas ela falou que era mentira.. que era so pra ver a reacao da gnt :(,Fri Aug 17 21:11:55 +0000 2018,Negativo,:(
1030556690561871872,"Mentira, jajá passa, mas poxa, me pegaram desprevenida e feliz depois do trampo, coisa rara. Golpe baixo :(",Fri Aug 17 20:47:16 +0000 2018,Negativo,:(
1030558450139492357,@GiulioSilveira Queria mt q fosse mentira :(,Fri Aug 17 20:54:16 +0000 2018,Negativo,:(
1032221738510241792,@baabiilopes1 Mentira !!! O meu primo estava a ajudar mas tu não fizeste nada :)),Wed Aug 22 11:03:34 +0000 2018,Positivo,:)
1032213268109160449,Mentira :) https://t.co/N1vi74qQjJ,Wed Aug 22 10:29:55 +0000 2018,Positivo,:)
1032244867903172609,@chavedobaile mentira :(,Wed Aug 22 12:35:29 +0000 2018,Negativo,:(
1032232039179796481,Mentiras machucam... Principalmente quando vem da pessoa que você ama :(,Wed Aug 22 11:44:30 +0000 2018,Negativo,:(
1032219856614187013,@lu_cintraa @giuliadragoo MENTIRA PORRA afff tô muito triste que não consegui ir :((,Wed Aug 22 10:56:06 +0000 2018,Negativo,:(
1032211434371997696,mentira q eu nem jogo mais :(,Wed Aug 22 10:22:38 +0000 2018,Negativo,:(
1032145875471147008,"@jjinryves muljer eh no 2:41 MENTIRAAAAA SERIO??? me desculpaaaa eu recebi mt mensagem e passei o dia todo foraaa ai fiquei respondendo pelo celular e nao vii, me desculpa :(( mt obrigada por ter lembrado de me dar parabens 💕😭",Wed Aug 22 06:02:07 +0000 2018,Negativo,:(
1032110528120999936,@namjootn mentira :(((((((,Wed Aug 22 03:41:40 +0000 2018,Negativo,:(
1032091220082868225,"@SeriesBrasil mentiraaa não sabia que ele tava com câncer, que triste eu amava assistir quando era criança :(",Wed Aug 22 02:24:56 +0000 2018,Negativo,:(
1032094847841255424,@FlMondino Es mentira :(,Wed Aug 22 02:39:21 +0000 2018,Negativo,:(
1032097420820324352,@S93IN KKKKK mentira amor vc sabe q é lindo :(,Wed Aug 22 02:49:35 +0000 2018,Negativo,:(
1032089311443931136,@hopevxmin ai mentira vou chorar sim eu to triste :((,Wed Aug 22 02:17:21 +0000 2018,Negativo,:(
1032084724934692865,Mentira :( https://t.co/NePfVkF2xZ,Wed Aug 22 01:59:08 +0000 2018,Negativo,:(
1032081887689359362,"@MatheusWillemin Que mentira eu sou o maior amorzinho, vc q é grosso :(",Wed Aug 22 01:47:51 +0000 2018,Negativo,:(
1032083463221006344,@goregoregirl é mentira nunca passei por isso n tenho a mina q eu gosto nem beck e nem video game :(,Wed Aug 22 01:54:07 +0000 2018,Negativo,:(
1032078597526351872,@sxnflcwcr mentira :(,Wed Aug 22 01:34:47 +0000 2018,Negativo,:(
1032076557119115265,@jannileao @FerreiraRonayra Egua amiga mentira :(( sabado é o unico dia que eu vou tá livre essa semana o resto vou ta ocupado com prostitutas drogas e jogatina (vou estar trabalhando),Wed Aug 22 01:26:40 +0000 2018,Negativo,:(
1032074117229494273,Mentiras :(,Wed Aug 22 01:16:59 +0000 2018,Negativo,:(
1032074229682974722,@pizzadecheddar_ ah pronto agora mentira eh demais &lt;///3 :((( anjinho,Wed Aug 22 01:17:26 +0000 2018,Negativo,:(
1032069711356416000,@manonemsei Ainnnnn mentira??? Amei :(,Wed Aug 22 00:59:28 +0000 2018,Negativo,:(
1032071586252247045,Mentira vou não :(,Wed Aug 22 01:06:55 +0000 2018,Negativo,:(
1032068063812898816,@vas_concelos_ @JimmyLagunas mentira :(,Wed Aug 22 00:52:55 +0000 2018,Negativo,:(
1032065607263576064,@YaazOrbe mentira mentira mentira todo es mentira :(,Wed Aug 22 00:43:10 +0000 2018,Negativo,:(
1032062418560712705,@jaoromania mentira que vai começar em BH logo agr que eu viajei pra Portugal :(((((,Wed Aug 22 00:30:30 +0000 2018,Negativo,:(
1032056656027430912,Mentira :( https://t.co/ZnA7OeWp5u,Wed Aug 22 00:07:36 +0000 2018,Negativo,:(
1032054938652819456,"“Mas a mentira – a mentira é uma maneira vulgar e desprezível de controlar a outra pessoa.” Philip Roth, Homem Comum. O livro que nunca conseguirei terminar. :(",Wed Aug 22 00:00:46 +0000 2018,Negativo,:(
1032047291102834688,@MyLittleLemes ah mentira :(,Tue Aug 21 23:30:23 +0000 2018,Negativo,:(
1032047261365272581,Então estamos trabalhando em favor da mentira muito mais do que temos consciência. :( https://t.co/rv1ROzRsgV,Tue Aug 21 23:30:16 +0000 2018,Negativo,:(
1032038784307744768,@swngriawinz mentira :(,Tue Aug 21 22:56:35 +0000 2018,Negativo,:(
1032041658030931970,@eusouofig aaa mentira &gt;:( tem q acabar os medporamor,Tue Aug 21 23:08:00 +0000 2018,Negativo,:(
1032037783081238528,kkkkkkkk mentira nao vai nao :(,Tue Aug 21 22:52:36 +0000 2018,Negativo,:(
1032038148682002432,@zerchu27 Mentira :(,Tue Aug 21 22:54:03 +0000 2018,Negativo,:(
1032035624553984000,"Mentira, ainda não cheguei em casa :(",Tue Aug 21 22:44:01 +0000 2018,Negativo,:(
1032031296544010245,"Mentira, eu vou, porém estarei sozinh :(((((( alguém me faz companhia e não me deixa ficar chorando pela morena https://t.co/1yvkadQnsX",Tue Aug 21 22:26:49 +0000 2018,Negativo,:(
1032028803399335936,@takilov3 q mentira :( prova,Tue Aug 21 22:16:55 +0000 2018,Negativo,:(
1032030288807899136,mentira vale :( https://t.co/CV4AgQ1Urm,Tue Aug 21 22:22:49 +0000 2018,Negativo,:(
1032026941942104064,@olvmarkes Mentira Meus sentimentos pelo gatinho :((((,Tue Aug 21 22:09:31 +0000 2018,Negativo,:(
1032026464433123330,@NayaritDm Mentira :(,Tue Aug 21 22:07:37 +0000 2018,Negativo,:(
1032006811707158529,"@joohnyus mentira, só com você e uma outra amiga minha pra irritar ela :(((",Tue Aug 21 20:49:32 +0000 2018,Negativo,:(
1032003545371996160,@m1ru11o Mentira mas queria :(,Tue Aug 21 20:36:33 +0000 2018,Negativo,:(
1032000639893741568,No mentira te amo :( https://t.co/wURfurpynd,Tue Aug 21 20:25:00 +0000 2018,Negativo,:(
1031998479822929920,@_bIackwatxr Mentira :(,Tue Aug 21 20:16:25 +0000 2018,Negativo,:(
1031990294986874881,MENTIRA &gt;&gt;&gt;&gt;&gt;:(((((( https://t.co/Wlg0D1TVgw,Tue Aug 21 19:43:54 +0000 2018,Negativo,:(
1031986881242849280,"@trajaza @Yoongirun Mentira, :(",Tue Aug 21 19:30:20 +0000 2018,Negativo,:(
1031982305747890176,@bdlandstraus mentira? caralho mano :( eu só vi duas e não quero ver mais nenhuma,Tue Aug 21 19:12:09 +0000 2018,Negativo,:(
1031980714756067328,@jwhaopedro para q mentira :(,Tue Aug 21 19:05:50 +0000 2018,Negativo,:(
1031963986290458625,@houishugs mentira&gt;:-(,Tue Aug 21 17:59:21 +0000 2018,Negativo,:(
1031952325768830982,@fxckinggenius Mentira :(,Tue Aug 21 17:13:01 +0000 2018,Negativo,:(
1032423922602569729,@Supremiummm Mentira! Foi quando tinhas uma foto minha :),Thu Aug 23 00:26:59 +0000 2018,Positivo,:)
1032421726246789120,@saantiarevalo mentira te amo❤️:),Thu Aug 23 00:18:15 +0000 2018,Positivo,:)
1032410615162101762,"MENTIRA Tirei Muito, muito doce :-)! https://t.co/IrjcrAPZuj",Wed Aug 22 23:34:06 +0000 2018,Positivo,:)
1032393062771613697,Tinha de ser em primeiro senão era mentira :))) https://t.co/6O782M1mQ7,Wed Aug 22 22:24:21 +0000 2018,Positivo,:)
1032487334758047744,No es mentira amigos :(,Thu Aug 23 04:38:57 +0000 2018,Negativo,:(
1032483434512494593,@ninaringo Ai mentira! :( não acredito...,Thu Aug 23 04:23:28 +0000 2018,Negativo,:(
1032480928260648960,@mrnglr aaaaaa mentira :((( eu só to indo nas aulas dela pra ganhar presença porque da última vez que ela quis que eu lesse uma parada em voz alta eu surtei e fui embora e faltei algumas vezes depois :/,Thu Aug 23 04:13:30 +0000 2018,Negativo,:(
1032479944524406785,@eujerrodrigues mentira :(,Thu Aug 23 04:09:35 +0000 2018,Negativo,:(
1032472764840648704,"Esse trailer kkkkkk que mentira, tão trap quanto os trailers de RE6 :( https://t.co/OlAlcAcivz",Thu Aug 23 03:41:04 +0000 2018,Negativo,:(
1032463595131547648,[23/8 00:02] Larah: sabia q tinha mentira nisso [23/8 00:02] Larah: ninguém te quer cecilia :(,Thu Aug 23 03:04:37 +0000 2018,Negativo,:(
1032462867805732865,"No, mentira :-(",Thu Aug 23 03:01:44 +0000 2018,Negativo,:(
1032462470579929088,"mentira, quero sim kk :(",Thu Aug 23 03:00:09 +0000 2018,Negativo,:(
1032452519425925122,@minjirs mentira não to no grupo da família porque não me querem la :(,Thu Aug 23 02:20:37 +0000 2018,Negativo,:(
1032450344066994176,"Mentira, ainda falta ""nosferatu: phantom der nacht"" :(",Thu Aug 23 02:11:58 +0000 2018,Negativo,:(
1032448175209164800,@bbharbara af q mentira!! mas ela nem vai :(,Thu Aug 23 02:03:21 +0000 2018,Negativo,:(
1032452876495474689,mentira n superei :(,Thu Aug 23 02:22:02 +0000 2018,Negativo,:(
1032445051819966465,@milynomas Mentira :(,Thu Aug 23 01:50:56 +0000 2018,Negativo,:(
1032609170095267841,@Mariana24p mentira :)),Thu Aug 23 12:43:05 +0000 2018,Positivo,:)
1032644967649497088,"Sua Bio (twitter) é uma mentira e eu posso provar — Só pode ser desconsiderada pelo fato de que as vezes tô felizinha, mas continuo um tribufu :(( https://t.co/IfLTksG3oV",Thu Aug 23 15:05:20 +0000 2018,Negativo,:(
1032645264388055043,"Mentira, não preciso PRECISO, mas se eu tivesse eu ia conseguir o estágio de verão. :(",Thu Aug 23 15:06:31 +0000 2018,Negativo,:(
1032620454111059968,@namjoonvessel Mentira :(((,Thu Aug 23 13:27:56 +0000 2018,Negativo,:(
1032617292218212353,Queria q isso tudo fosse mentira :(,Thu Aug 23 13:15:22 +0000 2018,Negativo,:(
1032612747157102592,mentira paramore eu te amo mais que a vida mas poxa assim nao da sabe :( eu fico triste sabia https://t.co/nLJUM3bfBR,Thu Aug 23 12:57:18 +0000 2018,Negativo,:(
1032572761535901702,"Mentira vou e nada, más queria ir :(",Thu Aug 23 10:18:25 +0000 2018,Negativo,:(
1032555832049844225,@JaimeOrdez Mentira :(,Thu Aug 23 09:11:08 +0000 2018,Negativo,:(
1032575412671533057,@_ma_ad_ Mentira :(,Thu Aug 23 10:28:57 +0000 2018,Negativo,:(
1032993566275117056,@princessgalamba Mentira no ano em q eu fui dormiste na tenda :p,Fri Aug 24 14:10:32 +0000 2018,Positivo,:)
1029549554658697216,@Biaconceicao20 Mentira :))),Wed Aug 15 02:05:16 +0000 2018,Positivo,:)
1032999620106964995,oq mais te magoa ? — mentira :( https://t.co/ez86tcsJEy,Fri Aug 24 14:34:36 +0000 2018,Negativo,:(
1032991410688024576,"@Tiagoandurao Mas é mentira, eu sou um amor :(",Fri Aug 24 14:01:59 +0000 2018,Negativo,:(
1032980667871764480,"@delphirbl Mentira, não seja mentirosa :(",Fri Aug 24 13:19:17 +0000 2018,Negativo,:(
1032975901875679235,Uma pessoa aqui a dizer mentiras para parecer simpática e nem ligas :( vou chorar,Fri Aug 24 13:00:21 +0000 2018,Negativo,:(
1032926108021391360,"@dudaabreu__ Mentira po, tu q sumiu, vire e mexe to pela undb :(",Fri Aug 24 09:42:29 +0000 2018,Negativo,:(
1032907925512224768,@drewtaegguk mentiraaaa :(,Fri Aug 24 08:30:14 +0000 2018,Negativo,:(
1032883557126033408,@alestwblx era mentira vale :(,Fri Aug 24 06:53:24 +0000 2018,Negativo,:(
1032863203070496768,@bamtyoongi @BTS_twt Mentira :( @BTS_twt,Fri Aug 24 05:32:31 +0000 2018,Negativo,:(
1032849858657435648,@botafogw seria meu sonho se fosse mentira? ele era um dos favs :( to aproveitando os eps da s3 enquanto ele nao morre,Fri Aug 24 04:39:30 +0000 2018,Negativo,:(
1033404433860845581,"Isto é mentira, eu choro por tudo a toda a hora :)) https://t.co/zhSYb4mTAB",Sat Aug 25 17:23:11 +0000 2018,Positivo,:)
1030546732256514048,@eryicaC17 @_rafaa98 Isso é mentira :(,Fri Aug 17 20:07:42 +0000 2018,Negativo,:(
1030534237974351874,@Renealejandrop Mentiras. :(,Fri Aug 17 19:18:03 +0000 2018,Negativo,:(
1030524878330454018,"@PkmnMDTweets I hate you :( (Mentira, te adoro)",Fri Aug 17 18:40:51 +0000 2018,Negativo,:(
1030510168281362432,@arcqae Mentira :(,Fri Aug 17 17:42:24 +0000 2018,Negativo,:(
1030511194501795841,@FernandaRoque_ mentira :(,Fri Aug 17 17:46:29 +0000 2018,Negativo,:(
1030502544295047168,mentira :( https://t.co/c5e7prI3jY,Fri Aug 17 17:12:07 +0000 2018,Negativo,:(
1030501994052640768,@marialazza Mentira :( A minha mãe diz que eu sou bonito,Fri Aug 17 17:09:55 +0000 2018,Negativo,:(
1033400563470352384,No mentira :(,Sat Aug 25 17:07:48 +0000 2018,Negativo,:(
1033397142407323648,@Garciiagac Es mentira :(,Sat Aug 25 16:54:12 +0000 2018,Negativo,:(
1033391604525162496,@MariUMarinho que mentira vc nem valorizou :(,Sat Aug 25 16:32:12 +0000 2018,Negativo,:(
1033377106061864961,@Fikkuse Que mentira &gt;:(,Sat Aug 25 15:34:35 +0000 2018,Negativo,:(
1033367527903117313,"mentira amor, te amo muito você é lindo, cheiroso, maravilhoso e talentoso :( ♥️",Sat Aug 25 14:56:32 +0000 2018,Negativo,:(
1033341008606584832,Mentira hahaha :( tem prova,Sat Aug 25 13:11:09 +0000 2018,Negativo,:(
1033360052936220672,"@nelagarnela Es todo mentira wei, FIN :( https://t.co/aqz0caITsd",Sat Aug 25 14:26:50 +0000 2018,Negativo,:(
1033351681231265792,@con_dos_hielos Mentira :( !,Sat Aug 25 13:53:34 +0000 2018,Negativo,:(
1033328154948108288,@swiftmamamoo era mentiraaaa Amiga :( na verdade era uma faixa,Sat Aug 25 12:20:05 +0000 2018,Negativo,:(
1033523993758887936,@cabecasdealga_ mentira que eh ruim :( tava super querendo ler,Sun Aug 26 01:18:16 +0000 2018,Negativo,:(
1033523922090778624,@flawleszayne @trajaza É MENTIRA!! :(,Sun Aug 26 01:17:59 +0000 2018,Negativo,:(
1033593520865648640,"@exuliane Mentira, era partidaria desde o começo voce sabia, foi de acordo e eu vou provar, a pauta progressista era so uma fachada pra promover candidatos do PT / PCdoB e a agencia deixou isso nas entrelinhas tanto que todos do grupo sabiam inclusive voce :D",Sun Aug 26 05:54:33 +0000 2018,Positivo,:)
1033583098548641792,@Katsudtl Mentira :((((,Sun Aug 26 05:13:08 +0000 2018,Negativo,:(
1033566865275142144,@297JK :( mentira...,Sun Aug 26 04:08:38 +0000 2018,Negativo,:(
1033570042888314880,nunca mais jogou comigo :( — que mentira https://t.co/FGf3hxNBfT,Sun Aug 26 04:21:15 +0000 2018,Negativo,:(
1033550470130884613,@rayegidio que mentiraaaaa vc q n me dá mais atenção :(,Sun Aug 26 03:03:29 +0000 2018,Negativo,:(
1033530633694470145,"@CacatuaColorida Mentira, perdi teu número :(",Sun Aug 26 01:44:39 +0000 2018,Negativo,:(
1033525976486109190,Queria tanto q fosse mentira... :(,Sun Aug 26 01:26:09 +0000 2018,Negativo,:(
1033527987235418112,@MelPaozinho mentira qro eh hotdog :(,Sun Aug 26 01:34:08 +0000 2018,Negativo,:(
1033781706044702721,@pipadnc Mentiraa :(,Sun Aug 26 18:22:20 +0000 2018,Negativo,:(
1033766718865395714,"É mentira, eu não amo ninguém ):)",Sun Aug 26 17:22:46 +0000 2018,Positivo,:)
1033785054474973184,@Sidhiel7 Mentira &gt;:(,Sun Aug 26 18:35:38 +0000 2018,Negativo,:(
1033783904099074049,@BiiaScarpelini Ahhhhhh mentira q não te vi :(,Sun Aug 26 18:31:04 +0000 2018,Negativo,:(
1033774248786096129,mentira que a 1007 fechou mesmo :(((((,Sun Aug 26 17:52:42 +0000 2018,Negativo,:(
1033768862607699968,Mentira que a Pain perdeu o primeiro jogo :(,Sun Aug 26 17:31:17 +0000 2018,Negativo,:(
1033756360784203776,mentira isso aqui :((( https://t.co/ospjsClss5,Sun Aug 26 16:41:37 +0000 2018,Negativo,:(
1033755856981188609,"@aalleahpar @guinossauro_ Ô mentira :( mas não me esquece não, tenho saudades",Sun Aug 26 16:39:37 +0000 2018,Negativo,:(
1033749675617210369,mentira; (:(::((:(:(:(:(:(,Sun Aug 26 16:15:03 +0000 2018,Negativo,:(
1033730951417942017,@parrillakisses mentira??? que hrs :( eu trabalho MAS N TENHO AULA,Sun Aug 26 15:00:39 +0000 2018,Negativo,:(
1033726318767206400,"@DanielSilva11__ nossa daniel, q mentira :(",Sun Aug 26 14:42:14 +0000 2018,Negativo,:(
1033725450965721089,Todo mentira :(,Sun Aug 26 14:38:47 +0000 2018,Negativo,:(
1033721192031678464,@27Mariio Mentira jo :(,Sun Aug 26 14:21:52 +0000 2018,Negativo,:(
1034462200520474630,@feehpaccico Mentira :((((,Tue Aug 28 15:26:22 +0000 2018,Negativo,:(
1033775646277873664,só queria que fosse mentira :(,Sun Aug 26 17:58:15 +0000 2018,Negativo,:(
1034444812160839680,@DareBoss_ Mentira :(,Tue Aug 28 14:17:16 +0000 2018,Negativo,:(
1034432591141761026,@swiftnbts Como assim é mentira? Eu estava acreditando :(,Tue Aug 28 13:28:43 +0000 2018,Negativo,:(
1034421658239553536,@selAPela_ @CharlyRespawn Mentira :(,Tue Aug 28 12:45:16 +0000 2018,Negativo,:(
1034940672510443521,@pcywizard Mentira eu te amo desculpa não fica brava comigo de novo :(,Wed Aug 29 23:07:39 +0000 2018,Negativo,:(
1034941358983790593,mentira pois eles nem sabem que dia é meu aniversário :( https://t.co/vhsCwbVGKN,Wed Aug 29 23:10:22 +0000 2018,Negativo,:(
1034938652923752448,"Mentira, não vai :(",Wed Aug 29 22:59:37 +0000 2018,Negativo,:(
1034933501722873856,@raoulshady mentira :(((,Wed Aug 29 22:39:09 +0000 2018,Negativo,:(
1035523517687717889,@wuall27 Mentira eu mando msg ramm ainda chamo pra comer espetinho :(,Fri Aug 31 13:43:40 +0000 2018,Negativo,:(
1035212322816573440,@miinlg mentira eu moro bem pertinho :(,Thu Aug 30 17:07:05 +0000 2018,Negativo,:(
1035200456258203651,@leozeraa_ mentira? eu sequelo mt :( perdoa,Thu Aug 30 16:19:56 +0000 2018,Negativo,:(
1035190800227942402,mentira q o zipe do meu short quebrou :(((,Thu Aug 30 15:41:34 +0000 2018,Negativo,:(
1035519461577699328,@ruifmmiranda Isso é mentira :(((((,Fri Aug 31 13:27:33 +0000 2018,Negativo,:(
1035516918185304066,mentira fica comigo :(,Fri Aug 31 13:17:26 +0000 2018,Negativo,:(
1036584520462548992,É tudo mentira :),Mon Sep 03 11:59:43 +0000 2018,Positivo,:)
1035893107089436674,@gaabnl Mentira amiga fala isso não :(,Sat Sep 01 14:12:17 +0000 2018,Negativo,:(
1035884449597194245,"@muyrilo aaaaaaaaaaaaaa mentira infelizmente nao, mas queria. :(",Sat Sep 01 13:37:53 +0000 2018,Negativo,:(
1035876151741349889,"Mentira, cuido sim até dou beijinhos se quiser &gt;:( 💖 — aa mt meu nenê quero beijinho sim mts alias :(( 💓💘💞 https://t.co/ULV2VH9urp",Sat Sep 01 13:04:54 +0000 2018,Negativo,:(
1035878728168030208,mentira nd vdd acho que foi conhecer as musicas da t :(,Sat Sep 01 13:15:09 +0000 2018,Negativo,:(
1035874079511928833,"@iHiide olha que mentira eu joguei relativamente bem minhas partidas :( e das duas q eu perdi 1 delas meu time era horrivel (eh sério, um cara ficou 0/7 e o outro 2/5 &lt; n ta nem tão mau mas o 0/7 foi tenso) e alem disso eu tava jogando contra platina u-u (desculpinha msm)",Sat Sep 01 12:56:40 +0000 2018,Negativo,:(
1035874699513933824,"@everychuu ai mentira, eu queria ver pq achei a animação tao lindinha :(",Sat Sep 01 12:59:08 +0000 2018,Negativo,:(
1035861651868839936,"@karolynels Mentira miga, foi uma vez só :(((",Sat Sep 01 12:07:17 +0000 2018,Negativo,:(
1036629229553823745,mentira tem umas que prestam :),Mon Sep 03 14:57:22 +0000 2018,Positivo,:)
1036616473807151104,A melhor mentira antes das aulas começarem :) https://t.co/3kmxCJMqWT,Mon Sep 03 14:06:41 +0000 2018,Positivo,:)
1036594345338658817,"ouvindo nesta manhã gloriosa (mentira, que to mei puta de la rosta) a voz de ngm menos do que @Pernetinha1 querida :) timbre nada a ver com o que eu imaginava hahaha",Mon Sep 03 12:38:45 +0000 2018,Positivo,:)
1036628334992654337,"@whoshotbruno mentiraaaa :( ela ta bem? mas se vai tirar o utero é porque é pro bem dela e ela vai ficar bem, xuxu! nao chora nao, da muito amorzinho pra ela!",Mon Sep 03 14:53:49 +0000 2018,Negativo,:(
1036627840723296257,@livingintheairr mentira :(,Mon Sep 03 14:51:51 +0000 2018,Negativo,:(
1036616934907895808,mentira não vou não gnt grita o quanto vcs quiserem :((((((((((( https://t.co/PcTAwCYCnB,Mon Sep 03 14:08:31 +0000 2018,Negativo,:(
1036616367083020288,Mentira &gt;:( https://t.co/1IlIshGU4n,Mon Sep 03 14:06:15 +0000 2018,Negativo,:(
1036600841111851008,"@Porquinho Mentira que isso tá rolando em BH? Nossa, aqui não tá rolando nada sobre gasolina. Mas a gente que é historiador tá bem sofrido mesmo :(",Mon Sep 03 13:04:34 +0000 2018,Negativo,:(
1036581502035873792,"@ThomasDoViso PÓ CARALHO TOMAS Mentira, não pratiques bullying comigo :(",Mon Sep 03 11:47:43 +0000 2018,Negativo,:(
1036572145764233218,@roneysco :( mentira :(,Mon Sep 03 11:10:32 +0000 2018,Negativo,:(
1036707782723072000,"@fraude26 Mentira, queijo minas :)",Mon Sep 03 20:09:31 +0000 2018,Positivo,:)
1036723900825124865,"Mentiraaaaa, so a Andreia e que gostou loool :( https://t.co/G688kqlHh4",Mon Sep 03 21:13:34 +0000 2018,Negativo,:(
1036729495200440320,@fuckgersio Mentira :(,Mon Sep 03 21:35:47 +0000 2018,Negativo,:(
1036728283780599809,Mentira babe no be regaye :(,Mon Sep 03 21:30:58 +0000 2018,Negativo,:(
1036713569428144128,@AnaPrando_ mentira :(,Mon Sep 03 20:32:30 +0000 2018,Negativo,:(
1036711318307389440,@_annaluucia01 mentira sexta n estarei aqui :( mas queria,Mon Sep 03 20:23:34 +0000 2018,Negativo,:(
1036990504909582338,@neogotmyback_44 mentira :(,Tue Sep 04 14:52:57 +0000 2018,Negativo,:(
1036753611441807360,era mentira :(,Mon Sep 03 23:11:37 +0000 2018,Negativo,:(
1036752643027345409,@_noisynoise_ Mentira :(,Mon Sep 03 23:07:46 +0000 2018,Negativo,:(
1036750622597570560,@munaesuna mentira :(,Mon Sep 03 22:59:44 +0000 2018,Negativo,:(
1036980660911722497,mentira. provavelmente prefiro minha saray :(,Tue Sep 04 14:13:50 +0000 2018,Negativo,:(
1036981871266156545,mentira eh uma quarta n vai dar :(,Tue Sep 04 14:18:38 +0000 2018,Negativo,:(
1036978659603738626,"@whyjorjawhy Mentira que já é nesta sexta-feira? Eu estava lembrando que era em setembro. Eu ate fiquei de perguntar, mas como eu te falei: acabei ficando sem emprego. Tenho que segurar um money até aparecer um outro! aaaaaa :(",Tue Sep 04 14:05:53 +0000 2018,Negativo,:(
1036962714357252097,@SubjectE147 mentira! &gt;:(,Tue Sep 04 13:02:31 +0000 2018,Negativo,:(
1036941658473029632,"Mentira, o meu pai quer ir almoçar agora portanto só depois de almoço :(",Tue Sep 04 11:38:51 +0000 2018,Negativo,:(
1036947051777540096,@farciscp que mentira :(,Tue Sep 04 12:00:17 +0000 2018,Negativo,:(
1036932318424981505,@Drezzer_uwu Es mentira :(,Tue Sep 04 11:01:44 +0000 2018,Negativo,:(
1036897011075821568,@CalrosKun Mentira :(,Tue Sep 04 08:41:26 +0000 2018,Negativo,:(
1036888526741233665,mentira me wa a dormir :(,Tue Sep 04 08:07:43 +0000 2018,Negativo,:(
1036853540243873792,"Tu ilude as pessoas :(: — nops, mentira https://t.co/Ag1W7ZL5ff",Tue Sep 04 05:48:42 +0000 2018,Negativo,:(
1036837120634232832,"@titiapam infelizmente é mentira mesmo e se trata de um ""murro em forma de palavras"" UEHUEH :(((",Tue Sep 04 04:43:27 +0000 2018,Negativo,:(
1036822707374120961,"MENTIRA, NO :( https://t.co/aKOl4lx1sF",Tue Sep 04 03:46:11 +0000 2018,Negativo,:(
1036818528043761664,Alguém me fala que é mentira :( puta que pariu,Tue Sep 04 03:29:34 +0000 2018,Negativo,:(
1036805465114591232,@Fernandapuicon mentira :(,Tue Sep 04 02:37:40 +0000 2018,Negativo,:(
1036785319188676609,É lindo mas só ilude :( — q mentira https://t.co/NIPbbUSSkJ,Tue Sep 04 01:17:37 +0000 2018,Negativo,:(
1037136311713452032,@LauraCaroPG Arróbelo!!!! Mentiras :),Wed Sep 05 00:32:20 +0000 2018,Positivo,:)
1037140161371373568,Mentira por mentira :),Wed Sep 05 00:47:38 +0000 2018,Positivo,:)
1037134914829918209,Mentira :),Wed Sep 05 00:26:47 +0000 2018,Positivo,:)
1037124483356811264,"tens me a mim lógico q é fixe :)) Mentira, falando a sério, tour a curtir muito da minha turma ;) https://t.co/AEnQmLFOLD",Tue Sep 04 23:45:20 +0000 2018,Positivo,:)
1037132093459980288,@deadinsidewhy gnd mentira juro :((( 💔,Wed Sep 05 00:15:34 +0000 2018,Negativo,:(
1037128335556587520,@costa__06 mentira que vc tirou :(,Wed Sep 05 00:00:38 +0000 2018,Negativo,:(
1037124132369047556,@julialmeidacruz Mentira :((,Tue Sep 04 23:43:56 +0000 2018,Negativo,:(
1037124157878820866,@wearecncobr @meguialscnco é mentira :( CNCO VEM PRO NORDESTE,Tue Sep 04 23:44:02 +0000 2018,Negativo,:(
1037123447464312832,mentira nem dá de olhar so penso mesmo &gt;:(,Tue Sep 04 23:41:13 +0000 2018,Negativo,:(
1037116041216843776,@WigettaLoves mentira :(,Tue Sep 04 23:11:47 +0000 2018,Negativo,:(
1037110587073933312,@axtronomically :( mentira,Tue Sep 04 22:50:07 +0000 2018,Negativo,:(
1037117314049683456,@pampinhos mentira eh pampinho :(,Tue Sep 04 23:16:51 +0000 2018,Negativo,:(
1037099304375263239,@male_roddriguez era mentira no te enojes :(,Tue Sep 04 22:05:17 +0000 2018,Negativo,:(
1037092274772103170,"@mare_vivaa Bora!!! Vou contigo 😂😂 Mentira, n vou a nenhum :((((",Tue Sep 04 21:37:21 +0000 2018,Negativo,:(
1037088845412610048,@rmssadalot mentira é 18 :(,Tue Sep 04 21:23:43 +0000 2018,Negativo,:(
1037086552604729344,"@saikuzona @TutsTutz que mentira, dikan tem sentimentos gente :(",Tue Sep 04 21:14:36 +0000 2018,Negativo,:(
1037425954254143490,Mentira :). https://t.co/rJTDEFF6UI,Wed Sep 05 19:43:16 +0000 2018,Positivo,:)
1037394747760029697,Pura mentira :),Wed Sep 05 17:39:16 +0000 2018,Positivo,:)
1037382315167703040,@cav_carmen Ea. Vamos a pedir mentiras tralará 🎼🎼 :)),Wed Sep 05 16:49:52 +0000 2018,Positivo,:)
1037365709045686273,"Tudo mentira, foi Temer. :p https://t.co/KK3uoJVaxH",Wed Sep 05 15:43:53 +0000 2018,Positivo,:)
1037337359153553414,"É td mentira :) É só olhar pro establishment brasileiro. Q está com medo do Bolsonaro ganhar. A vitória dele significa instabilidade, td q o Brasil menos precisa agora.",Wed Sep 05 13:51:13 +0000 2018,Positivo,:)
1037324189735235585,Responder é mentira :)),Wed Sep 05 12:58:54 +0000 2018,Positivo,:)
1037703006618312704,@gcosta0821 Eu posso comprovar que é mentira :)),Thu Sep 06 14:04:11 +0000 2018,Positivo,:)
1037283944021073921,"Dia das mentiras n é hoje gajo, atualiza te :)) https://t.co/uT3YMtctHu",Wed Sep 05 10:18:58 +0000 2018,Positivo,:)
1037432824331227137,"@SophiPiai é mentira sophi, nem tenho :(",Wed Sep 05 20:10:34 +0000 2018,Negativo,:(
1037429151219818498,@BelieveWithLyna Mentira vos :(,Wed Sep 05 19:55:58 +0000 2018,Negativo,:(
1037427742243864576,@sabri_lynatica Mentira :(,Wed Sep 05 19:50:22 +0000 2018,Negativo,:(
1037686906920812546,@chocodazai Mentiras mentirosas &gt;:(,Thu Sep 06 13:00:12 +0000 2018,Negativo,:(
1037665329911144449,@Brendocaaaa Mentira :( Aaaahh neeemm tava mó ansioso pra ver,Thu Sep 06 11:34:28 +0000 2018,Negativo,:(
1037666030825480197,@FobiaDe_Kpop3rs é mentira sobre o cabelo do Yoongi :(,Thu Sep 06 11:37:15 +0000 2018,Negativo,:(
1037671898795204608,mentira pq ele acabou de solta um barro :(,Thu Sep 06 12:00:34 +0000 2018,Negativo,:(
1037662513779879937,"@AnaBorsatto mentiraaa, eu ainda pensei em te mandar mensagem mas pensei q vc tivesse ido mais cedo af :(",Thu Sep 06 11:23:16 +0000 2018,Negativo,:(
1037592143651594240,@wxndx1 @_annnndy mentiraaa :(,Thu Sep 06 06:43:39 +0000 2018,Negativo,:(
1037575408965902337,"Mentira, nem vai, provavelmente vou ter que retirar em âncora, vou ficar com uma cicatriz gigante no meio da pança :(",Thu Sep 06 05:37:09 +0000 2018,Negativo,:(
1037560481291153408,@tech1t0 mentiraaaa :(,Thu Sep 06 04:37:50 +0000 2018,Negativo,:(
1037550087268978693,"Mentira, veñ. :( https://t.co/FERvfAm9Yy",Thu Sep 06 03:56:32 +0000 2018,Negativo,:(
1037548110938091520,"""Quem te disse que uma mentira pode fazer alguém feliz mais do que uma verdade?"" Aquela frase q vc se identifica assim q ouve na música :-(",Thu Sep 06 03:48:41 +0000 2018,Negativo,:(
1037545064787046400,@Loyalty__s Mentiras :( te amo,Thu Sep 06 03:36:34 +0000 2018,Negativo,:(
1037536224960032768,"@camrenchy Mentira, amor :( vc que eh",Thu Sep 06 03:01:27 +0000 2018,Negativo,:(
1037535653322481665,Mentira ligo sim :(,Thu Sep 06 02:59:10 +0000 2018,Negativo,:(
1037530074973655041,bruuu mentira você nai é inútil :( https://t.co/5zmTVRTA4r,Thu Sep 06 02:37:00 +0000 2018,Negativo,:(
1037518570173988864,@Deividson_LOL Mentira :(,Thu Sep 06 01:51:17 +0000 2018,Negativo,:(
1038056071397560320,"@_mnerys mentira eu ja to sentindo sua falta :( vc me confunde mt agr eu to sofrendo de novo e queria falar com vc, mas eu n sei q q eu faço :( eu te odeio pq agr eu quero mt vc por perto de novo :(",Fri Sep 07 13:27:08 +0000 2018,Negativo,:(
1037943753296633857,Mentira :(,Fri Sep 07 06:00:49 +0000 2018,Negativo,:(
1037936826223353856,@nalufr MENTIRA :(,Fri Sep 07 05:33:17 +0000 2018,Negativo,:(
1037929513617960961,@f1lipec mentira vei :(,Fri Sep 07 05:04:14 +0000 2018,Negativo,:(
1037866437921198080,"Mentira, eu queria ir :( mas tenho que estudar",Fri Sep 07 00:53:36 +0000 2018,Negativo,:(
1037925969955352577,"a então mint hair era uma mentira :( — sim, sofri demais https://t.co/REXBLuLyMs",Fri Sep 07 04:50:09 +0000 2018,Negativo,:(
1037917786419421185,"eu só espero que isso seja mentira, pq olha.... :(",Fri Sep 07 04:17:38 +0000 2018,Negativo,:(
1037905900193947648,Puras mentiras :(,Fri Sep 07 03:30:24 +0000 2018,Negativo,:(
1037901759627309057,"@SuellenLariss19 Mentira, vai acorda cedo só pra come :(",Fri Sep 07 03:13:57 +0000 2018,Negativo,:(
1037901128703332352,@alegaules @GameXPoficial MENTIRA Q VC TAVA NA GAME XP E EU NAO TE VI GAU. TAVA TRABALHANDO NO PALCO PRINCIPAL :(((,Fri Sep 07 03:11:27 +0000 2018,Negativo,:(
1037902563109208065,@nicvieiraa mentira :(,Fri Sep 07 03:17:08 +0000 2018,Negativo,:(
1037904455180726273,@Danielaolaya_ @arce_harold_ Es mentira :(,Fri Sep 07 03:24:40 +0000 2018,Negativo,:(
1037878464379011072,"mentira, eu tinha coisas importantes pra fazer mesmo :(",Fri Sep 07 01:41:23 +0000 2018,Negativo,:(
1037874244166864896,@pietrarue mentira :(,Fri Sep 07 01:24:37 +0000 2018,Negativo,:(
1037872128132038656,"ai depois disso, vou te chamar na dm. Mentira pq sou tímido então vou te crushar secretamente :( — poxa ok https://t.co/gerN7b6QzI",Fri Sep 07 01:16:12 +0000 2018,Negativo,:(
1037873077890236416,@cronalxdo AH NAO mentira :( serio ?,Fri Sep 07 01:19:59 +0000 2018,Negativo,:(
1037868047221051393,@victorflorr MENTIRAAAAAA :((((((((,Fri Sep 07 00:59:59 +0000 2018,Negativo,:(
1037867678915067905,"@belladuartel mentira amiga? :( medo?! mudanças nos movem, e no seu caso tenho certeza que será pra frente!",Fri Sep 07 00:58:31 +0000 2018,Negativo,:(
1037859633640169473,@Rafael_Gusttavo Mentira tô doente :(,Fri Sep 07 00:26:33 +0000 2018,Negativo,:(
1037845727215534081,@Albanynpm es mentira :(,Thu Sep 06 23:31:18 +0000 2018,Negativo,:(
1037845455584092160,@KeatsDeschanel não é uma mentira é só um eterno deboche com minha cara :(,Thu Sep 06 23:30:13 +0000 2018,Negativo,:(
1037843043934777345,Que mentira :( https://t.co/Cr7qiggOtX,Thu Sep 06 23:20:38 +0000 2018,Negativo,:(
1037840395961593861,@sheturx queria q fosse :( kkkkk mentira. desculpa Deus,Thu Sep 06 23:10:07 +0000 2018,Negativo,:(
1038218921025843200,@NeymaraJordan ah mentira que é por isso kkkkkkk tu falou que NAO IA CMG ASSISTIR A FREIRA :( mas te amo sz,Sat Sep 08 00:14:14 +0000 2018,Negativo,:(
1038218902537482240,@minari_co mentira :p,Sat Sep 08 00:14:10 +0000 2018,Positivo,:)
1038220829945946112,"Mentira que o Mac Miller morreu mano, pqp! Tava escutando Best Day Ever dele ontem mesmo :(",Sat Sep 08 00:21:49 +0000 2018,Negativo,:(
1038220379649654785,@chroIine MENTIRA &gt;:( 💣🔪✴️🕷️⚡️🔥,Sat Sep 08 00:20:02 +0000 2018,Negativo,:(
1038211926449446916,me falem que é mentira que o Mac Miller morreu :(,Fri Sep 07 23:46:26 +0000 2018,Negativo,:(
1038199446897537025,era mentira :( https://t.co/4uhCjx66JA,Fri Sep 07 22:56:51 +0000 2018,Negativo,:(
1038195544852779009,eu queria que isso fosse mentira :( um dos rappers que mais admiro https://t.co/vTt2SjpbcD,Fri Sep 07 22:41:21 +0000 2018,Negativo,:(
1038193679859634177,mentira vou sim :(,Fri Sep 07 22:33:56 +0000 2018,Negativo,:(
1038176346835496960,"alguem me diz que eh mentira mano, nao quero acreditar nisso :(",Fri Sep 07 21:25:04 +0000 2018,Negativo,:(
1038174574691659776,@leoxnl mentira véi :((,Fri Sep 07 21:18:01 +0000 2018,Negativo,:(
1038169555082911745,@brabadefato parece mentira né pqp :( obrigada Nat amo você 💜,Fri Sep 07 20:58:04 +0000 2018,Negativo,:(
1038170840712577024,mentira que o mac miller morreu......gente não acredito :(,Fri Sep 07 21:03:11 +0000 2018,Negativo,:(
1038170530501799936,mentira que eu perdi a Julieta abrindo o armário e vendo as roupas coloridas dela :( AURIETA,Fri Sep 07 21:01:57 +0000 2018,Negativo,:(
1038165677117452289,mentiraa :(((((,Fri Sep 07 20:42:40 +0000 2018,Negativo,:(
1038164311238168576,@_frangompt mentira :(,Fri Sep 07 20:37:14 +0000 2018,Negativo,:(
1038164186977759232,@buterasoul me diz que é mentira por favor :(,Fri Sep 07 20:36:44 +0000 2018,Negativo,:(
1038163314864545792,queria tanto que fosse mentira :(,Fri Sep 07 20:33:17 +0000 2018,Negativo,:(
1038163455021342722,@bchartsnet Espero que seja mentira :(,Fri Sep 07 20:33:50 +0000 2018,Negativo,:(
1038155784356552710,"acho q o meu piercing é uma mentira, uma fodendo agulha atravessou o meu nariz e não sangrou nada. descobri q sou uma farsa :(",Fri Sep 07 20:03:21 +0000 2018,Negativo,:(
1038154860401762305,@busangirl2204 Mentira eu entro sim :(,Fri Sep 07 19:59:41 +0000 2018,Negativo,:(
1038149809385943040,que mentira :( https://t.co/wbO54v3OA8,Fri Sep 07 19:39:37 +0000 2018,Negativo,:(
1038144167283761152,Mentira :(,Fri Sep 07 19:17:11 +0000 2018,Negativo,:(
1038138044556238848,"@BlogCinemaNews Mentira, N me ilude :(",Fri Sep 07 18:52:52 +0000 2018,Negativo,:(
1038132520745885698,@jongdeusz amas que mentira você é lindx :((((,Fri Sep 07 18:30:55 +0000 2018,Negativo,:(
1038134553569894402,Todo será mentira. :( https://t.co/YlVV3liDkK,Fri Sep 07 18:38:59 +0000 2018,Negativo,:(
1038392387205308416,"@giilzen HAAHAHA mentira só quando elas tao fazendo coisa muito errada, mas quando tão felizes brincando eu não tenho coragem de brigar :( eu deixo kkkkkkkkkkkj",Sat Sep 08 11:43:32 +0000 2018,Negativo,:(
1038346193909243904,"@AskatuHildaku mas isso é mentira, ainda ontem me deram :(",Sat Sep 08 08:39:58 +0000 2018,Negativo,:(
1038338460988461056,mentira :( https://t.co/nUBmdWCn9x,Sat Sep 08 08:09:15 +0000 2018,Negativo,:(
1038580520240795648,@csx2a E a minha no dia das mentiras ? :)),Sun Sep 09 00:11:06 +0000 2018,Positivo,:)
1038578417309020160,Com muito esforço e dedicação... Mentira fiz isto mm descansada só demorei um dia inteiro! :) https://t.co/nULTSOTXXt,Sun Sep 09 00:02:45 +0000 2018,Positivo,:)
1038582255323676672,"@lixomands Mentira Oi, minha querida :)",Sun Sep 09 00:18:00 +0000 2018,Positivo,:)
1038574166302183430,"Mentira, gente. Eu fico extremamente feliz que vocês finalmente entenderam algo que eu tentei explicar, mas só porque eu não sou a porra de um jornalista da Globo, vocês não levaram fé em mim :) :) :)",Sat Sep 08 23:45:51 +0000 2018,Positivo,:)
1038549269706403840,"isso, acredite em mentiras e me machuca mais :)",Sat Sep 08 22:06:55 +0000 2018,Positivo,:)
1038549933392109568,"@_joanaventura mentira, a marta comia á minha pala :(",Sat Sep 08 22:09:34 +0000 2018,Negativo,:(
1038583022398971904,kdjgkdjhffk mentira nini meu nenesis te amo de qualquer jeito :-( mas tira isso que ainda dá tempo 😋,Sun Sep 09 00:21:03 +0000 2018,Negativo,:(
1038580665288151040,@sanorhae mentira &gt;:-(,Sun Sep 09 00:11:41 +0000 2018,Negativo,:(
1038569845015687168,@bchartsnet Meu Deus... que seja mentira! :(,Sat Sep 08 23:28:41 +0000 2018,Negativo,:(
1038567649163264000,ai por favor espero que isso seja mentira :((,Sat Sep 08 23:19:57 +0000 2018,Negativo,:(
1038567046970335233,@nctonic mentira vou sim :(,Sat Sep 08 23:17:34 +0000 2018,Negativo,:(
1038557713251422208,@laracostad Aaaa mentiraaa :((,Sat Sep 08 22:40:28 +0000 2018,Negativo,:(
1038556683184812032,@caio_deandradee MENTIRA :(,Sat Sep 08 22:36:23 +0000 2018,Negativo,:(
1038547644480712704,@MPF_PGR ACHEI QUE ESTA ESPELHANDO MENTIRAS E ORDENANDO O QUE O MPF FAZ :( https://t.co/TNBcLl9rfp,Sat Sep 08 22:00:28 +0000 2018,Negativo,:(
1038545522334810116,"mentira, não é bom não :((",Sat Sep 08 21:52:02 +0000 2018,Negativo,:(
1038841855612514304,@miicahernandezz No mentira :),Sun Sep 09 17:29:33 +0000 2018,Positivo,:)
1038840410548908032,"@Ucasberto mentira, é porque você é foda mesmo :)",Sun Sep 09 17:23:49 +0000 2018,Positivo,:)
1038855869730103297,a mentira :(,Sun Sep 09 18:25:15 +0000 2018,Negativo,:(
1038854898639618048,@Geovana_esther mentiraa :(,Sun Sep 09 18:21:23 +0000 2018,Negativo,:(
1038843247215484928,"@copycatcrown mentira amor, divide comigo??? :(",Sun Sep 09 17:35:05 +0000 2018,Negativo,:(
1038830371935318017,@leopoldsftz mentira cara? não acredito tava muito animada pra ver esse filme que sacanagem :(,Sun Sep 09 16:43:55 +0000 2018,Negativo,:(
1038830257606991873,@HxeMin_ Mentira :(,Sun Sep 09 16:43:28 +0000 2018,Negativo,:(
1038823121514647552,@Galvao_Bea MENTIRa q a periquita safada morreu :((((,Sun Sep 09 16:15:07 +0000 2018,Negativo,:(
1038819183646175232,"@Daniela01624958 Mentiraaa, te amo :(",Sun Sep 09 15:59:28 +0000 2018,Negativo,:(
1038816454899064832,Mentira :( https://t.co/Tczz6PVazD,Sun Sep 09 15:48:37 +0000 2018,Negativo,:(
1038790783657291776,meu deus tomara que seja mentira :( https://t.co/H9wOSEXR6Z,Sun Sep 09 14:06:37 +0000 2018,Negativo,:(
1038780840841490435,Digam-me que isto é mentira :( https://t.co/URVVR2RwbG,Sun Sep 09 13:27:06 +0000 2018,Negativo,:(
1038781993318789123,Mentira eu só acabei de acordar :(,Sun Sep 09 13:31:41 +0000 2018,Negativo,:(
1038783490924445697,@laisealmeida_ Ah não mentira que é assim :(((((,Sun Sep 09 13:37:38 +0000 2018,Negativo,:(
1038771618095538177,@Nunuyeti_ @Presycum Mentira :(,Sun Sep 09 12:50:27 +0000 2018,Negativo,:(
1038769531685089280,@BelenZCC @Juanjoponyfuxia mentira :(,Sun Sep 09 12:42:10 +0000 2018,Negativo,:(
1038746628914597888,@QuizHalliwell Ninguna mentira :(,Sun Sep 09 11:11:09 +0000 2018,Negativo,:(
1038882338812424193,mentira nao matem ngm :),Sun Sep 09 20:10:25 +0000 2018,Positivo,:)
1038872193827000320,me senti especial :) era mentira :(,Sun Sep 09 19:30:06 +0000 2018,Positivo,:)
1038899472250662913,mentira que mr catra morreu :(,Sun Sep 09 21:18:30 +0000 2018,Negativo,:(
1038900734568419328,mentira que o catra morreu :(,Sun Sep 09 21:23:31 +0000 2018,Negativo,:(
1038900969008979968,Mentira véi #RIPCATRA... :(,Sun Sep 09 21:24:27 +0000 2018,Negativo,:(
1038897003839807489,meu deus eu achei que era mentira q o Catra tinha morrido :((((( #RIPCATRA,Sun Sep 09 21:08:42 +0000 2018,Negativo,:(
1038896073455161345,mentira que o catra morreu :(,Sun Sep 09 21:05:00 +0000 2018,Negativo,:(
1038894328129695746,@Estadao @EstadaoCultura Mentira? :(,Sun Sep 09 20:58:04 +0000 2018,Negativo,:(
1038893616813563904,Mentira que o Mr. Catra morreu :(((,Sun Sep 09 20:55:14 +0000 2018,Negativo,:(
1038893094857592833,Mano mentira q o catra morreu :(,Sun Sep 09 20:53:10 +0000 2018,Negativo,:(
1038892783350820864,"@larismd @jvmila1 Mentira, se eu fiz isso foi mal,não percebi :(",Sun Sep 09 20:51:55 +0000 2018,Negativo,:(
1038891943638560774,Mentira q o catra morreu... porra peguei alguns el divino c show dele bicho era foda :(,Sun Sep 09 20:48:35 +0000 2018,Negativo,:(
1038891632844787712,"agr acredito, mas bem q podia ser mentira :(",Sun Sep 09 20:47:21 +0000 2018,Negativo,:(
1038891649768869890,@Andrd98 Mentiraaaaaa :(,Sun Sep 09 20:47:25 +0000 2018,Negativo,:(
1038890652564709376,"mentira ela come todo dia glr, mas ta miando demais e carente :(",Sun Sep 09 20:43:27 +0000 2018,Negativo,:(
1038889654249041920,mentira :(((((( https://t.co/2AGVWgqfXQ,Sun Sep 09 20:39:29 +0000 2018,Negativo,:(
1038888842508558336,no ze mentira tnc :( https://t.co/1t8HSL8BNT,Sun Sep 09 20:36:16 +0000 2018,Negativo,:(
1038889571382173697,@srwerle deve ser mentira plmdds ele tava mal mas :-(,Sun Sep 09 20:39:10 +0000 2018,Negativo,:(
1038888855833858048,"mentiraaaaaaaa, af pow 2018 só ta a desgraça, ta morrendo todo mundo :((( https://t.co/YG4gXMxlZV",Sun Sep 09 20:36:19 +0000 2018,Negativo,:(
1038887998291673089,@lwjxt MENTIRA? :(,Sun Sep 09 20:32:55 +0000 2018,Negativo,:(
1038887871850131457,mentiraaaa nao :((( https://t.co/I6GB6LpSnU,Sun Sep 09 20:32:24 +0000 2018,Negativo,:(
1038887521164423168,"Caraaaaa, mentira que Catra morreu? :(((((( https://t.co/LH3oh0RvlZ",Sun Sep 09 20:31:01 +0000 2018,Negativo,:(
1038887039587033088,"Ahhhhhh vei, tem que ser mentira :( https://t.co/Jj5wTodfts",Sun Sep 09 20:29:06 +0000 2018,Negativo,:(
1038884472337440777,Caramba queria que fosse mentira mas não acho que o Nelson Rubens ia mentir sobre isso :/ RIP Mr Catra :(,Sun Sep 09 20:18:54 +0000 2018,Negativo,:(
1038884718962458625,tomara que seja mentira :(,Sun Sep 09 20:19:53 +0000 2018,Negativo,:(
1038882055680086016,@Pedr0_KP mentiras &gt;:(,Sun Sep 09 20:09:18 +0000 2018,Negativo,:(
1038883337866289152,@lucianucab :( mentira,Sun Sep 09 20:14:23 +0000 2018,Negativo,:(
1038986403193991168,@lucasreyarizcu1 mentira :),Mon Sep 10 03:03:56 +0000 2018,Positivo,:)
1038967041213046785,karma é a maior mentira já contada por alguma religião tanta gente lixo por aí na boa e tanta gente boa sofrendo né :-),Mon Sep 10 01:47:00 +0000 2018,Positivo,:)
1038980741865123840,O CATRA MORREUUUU?????? OO QUEEE??? MENTIRAAAAAAAA SO PODE :(((((((((((((,Mon Sep 10 02:41:26 +0000 2018,Negativo,:(
1038998082514497538,mentira vou passar a noite vendo coisa do mx porque eles são o meu único raiozinho de sol e meu pontinho de felicidade :(,Mon Sep 10 03:50:21 +0000 2018,Negativo,:(
1038993428015734784,@strangerdrama mentira eu queria também :(,Mon Sep 10 03:31:51 +0000 2018,Negativo,:(
1038992593051418626,@uma_stan Mentira?! :(,Mon Sep 10 03:28:32 +0000 2018,Negativo,:(
1038978144139653120,mentira se eu disser que não penso mais em você &gt;:(,Mon Sep 10 02:31:07 +0000 2018,Negativo,:(
1038978811835113478,@raquearaujos Mentiram pra mim esse tempo todo :( 💔😂🤷🏻‍♀️,Mon Sep 10 02:33:46 +0000 2018,Negativo,:(
1038970000210649094,"mentira, tadinha ela merece, teve uma crise de ansiedade hj :(",Mon Sep 10 01:58:45 +0000 2018,Negativo,:(
1038969198159036416,@fxdamian MENTIRA TE AMO :(,Mon Sep 10 01:55:34 +0000 2018,Negativo,:(
1038960700901785600,Parece de mentira :( https://t.co/bUU67d4Wwd,Mon Sep 10 01:21:48 +0000 2018,Negativo,:(
1038959089567576064,@Suhisbunny Mentira nada eu hein &gt;:(,Mon Sep 10 01:15:24 +0000 2018,Negativo,:(
1038956685950365702,@camivegga0 Mentira :(,Mon Sep 10 01:05:51 +0000 2018,Negativo,:(
1038956169887444993,Mentira gente não existe esses arquivos :(,Mon Sep 10 01:03:48 +0000 2018,Negativo,:(
1038946958184984579,@arianenogueira_ @yasminsantoxs mentira... vc ja namora :(,Mon Sep 10 00:27:12 +0000 2018,Negativo,:(
1038940434507227137,ah vei é mentira isso do catra nao é possível :(,Mon Sep 10 00:01:16 +0000 2018,Negativo,:(
1038937773078732800,"Aaaaa mentira, tava falando do catra tem nem 1 hora, ai chego no tt e vejo essa notícia :(",Sun Sep 09 23:50:42 +0000 2018,Negativo,:(
1038934219387555840,MENTIRA QUE O CATRA MORREU :-(,Sun Sep 09 23:36:35 +0000 2018,Negativo,:(
1038934112625680384,"@Renanoon ei, passa as fotos 🙂🙂 kkkk mentira, nem te viii :((",Sun Sep 09 23:36:09 +0000 2018,Negativo,:(
1038934044015296512,Que porra achei que era mentira sobre o Catra :((((((,Sun Sep 09 23:35:53 +0000 2018,Negativo,:(
1038931051400323073,mentira :( porra https://t.co/eBMqXPwVtx,Sun Sep 09 23:23:59 +0000 2018,Negativo,:(
1038930249264889857,@_adamib Que mentira :(,Sun Sep 09 23:20:48 +0000 2018,Negativo,:(
1039365100501647360,@susanJulieth7 Mentiras :),Tue Sep 11 04:08:45 +0000 2018,Positivo,:)
1039334209054298112,"@rafaelabe falei alguma mentira, Rafa? :P",Tue Sep 11 02:05:59 +0000 2018,Positivo,:)
1039324908961058816,@LeonorTavares13 :) mentira,Tue Sep 11 01:29:02 +0000 2018,Positivo,:)
1039352932666433536,@crflavs mentira :( mas queria,Tue Sep 11 03:20:24 +0000 2018,Negativo,:(
1039343019709931522,ah mentira q eu perdi :( mt triste,Tue Sep 11 02:41:00 +0000 2018,Negativo,:(
1039342666079760384,@gonzaloswo Mentira :(,Tue Sep 11 02:39:36 +0000 2018,Negativo,:(
1039330968434356224,Mentira :( https://t.co/QdYxrDpNwH,Tue Sep 11 01:53:07 +0000 2018,Negativo,:(
1039327311378690049,@_Fran_Palazzo_ Mentira &gt;:(,Tue Sep 11 01:38:35 +0000 2018,Negativo,:(
1039329114128375808,@dannlemo mentira tem perna curta migo kk :(,Tue Sep 11 01:45:45 +0000 2018,Negativo,:(
1039321939251220482,"@icarozwnho mentira, deixa eu beijar essa boquinha linda :(",Tue Sep 11 01:17:14 +0000 2018,Negativo,:(
1039320068570710017,mentira so tem um motivo mesmo :(,Tue Sep 11 01:09:48 +0000 2018,Negativo,:(
1039318242605625344,"@mizanzuk @Josie_Fonseca @vertentegeek Mentira adoro demais o anticast, queria contribuir mais no patreon mas n posso :(",Tue Sep 11 01:02:33 +0000 2018,Negativo,:(
1039318613159759873,"@halstrouble mentira, a gente ia jogar mas deu desencontro e nos ultimos 2 dias minha internet tá pior do que sua mãe... tá chovendo :(((",Tue Sep 11 01:04:01 +0000 2018,Negativo,:(
1039316817892790272,@tastododoom isso foi tão random mas é mentira :(,Tue Sep 11 00:56:53 +0000 2018,Negativo,:(
1039314736188469250,@juliabehlgs mentira ela que começou vei :(((((((((( pode nem ter conversa relevante agora viro crime,Tue Sep 11 00:48:37 +0000 2018,Negativo,:(
1039313434918170625,"mentira que ela deletou a conta e desistiu :( eu tinha ficado tão animada com isso, até mesmo pq elas se conheceram por causa do bts, cara eu odeio esse mundo preconceituoso e eu sinto tanto por ela ter passado por isso, imagino como ela deve ter ficado triste :/ https://t.co/w42iz0Sgxv",Tue Sep 11 00:43:27 +0000 2018,Negativo,:(
1039308244467019777,@loesnardo mentira vei que paia :( tu acredita q depois eu encontrei aquele menino q seguiu a gente no meu prédio? ksksjkskkkkjkkkkk,Tue Sep 11 00:22:49 +0000 2018,Negativo,:(
1039301350692188162,@mariiacarolinaf Q mentira fg olha só esse cabelo esse olho :(,Mon Sep 10 23:55:25 +0000 2018,Negativo,:(
1039291948908138498,"@isabelaribeiro_ MENTIRA ISA, NÃO FOI DE PROPÓSITO EU JURO!!! eu não te vi, sério mesmo, se não teria ido te dar um abraço, to morrendo de saudade, faz mt tempo que não te vejo :(((",Mon Sep 10 23:18:04 +0000 2018,Negativo,:(
1039290447347298304,@catarinakhrnk mentira :(,Mon Sep 10 23:12:06 +0000 2018,Negativo,:(
1039284716321628160,"@JordaneHenrique ah vei mentira, justo hoje? :(",Mon Sep 10 22:49:20 +0000 2018,Negativo,:(
1039286222349328387,@bfrgusta que mentira :( vc ta me magoando,Mon Sep 10 22:55:19 +0000 2018,Negativo,:(
1039278937057181696,@jucansian mentira cancela to proibida de ir a praia :(,Mon Sep 10 22:26:22 +0000 2018,Negativo,:(
1039279156608094209,"@lauraloguercio é mentira mesmo, por isso to chorando :(",Mon Sep 10 22:27:14 +0000 2018,Negativo,:(
1039276023194562560,@bloubet_ ah nao mentira :(,Mon Sep 10 22:14:47 +0000 2018,Negativo,:(
1039273926818455554,@duudacarrvalho mentiraaa eu tava tão animada :(,Mon Sep 10 22:06:27 +0000 2018,Negativo,:(
1039267282902560768,"@mnlmsl19 Mentira o caralho, não quero ir sozinha :(",Mon Sep 10 21:40:03 +0000 2018,Negativo,:(
1039540401537875968,"@Juanjaramilloe mentira bb, te amo :)",Tue Sep 11 15:45:20 +0000 2018,Positivo,:)
1039562578509344770,@softestdahyun :( mentiraaas,Tue Sep 11 17:13:27 +0000 2018,Negativo,:(
1039545145958576128,mentira eu queria ser assim :(,Tue Sep 11 16:04:11 +0000 2018,Negativo,:(
1039540197254414337,@beatrizzzamaral Olha q mentira vc sumiu e eu to superando ainda :(((,Tue Sep 11 15:44:31 +0000 2018,Negativo,:(
1039540776533979136,"Mentira galera,tô bem arrependida ainda :(",Tue Sep 11 15:46:49 +0000 2018,Negativo,:(
1039524942109401089,@toca_moreira18 @lolysss_ que mentira :( vamos nesse fdp ficar loucas por favorrrr,Tue Sep 11 14:43:54 +0000 2018,Negativo,:(
1039524478995316736,"@825NG MENTIRA? Aff, twitter me odeia. :( Imagina! Tudo bem?",Tue Sep 11 14:42:03 +0000 2018,Negativo,:(
1039509591732580352,@corpus_tristi mentiraaaa kkkkk fiquei lá tomando banho de sol com vc e vc fica com essa ingratidão :((,Tue Sep 11 13:42:54 +0000 2018,Negativo,:(
1039509054513545216,@umzehqualquer mentira que o Cannabis ficou fora da lista :((((,Tue Sep 11 13:40:46 +0000 2018,Negativo,:(
1039507974576721921,@JorgePascual98 mentira :(,Tue Sep 11 13:36:28 +0000 2018,Negativo,:(
1039492132665532416,"@matildemaio @larascostt Mentira, eu não pratico bullying contigo :(",Tue Sep 11 12:33:31 +0000 2018,Negativo,:(
1039490418084327425,@path_limaa Mentiraaaaa :(((((,Tue Sep 11 12:26:43 +0000 2018,Negativo,:(
1039484721934282752,mentira que meu pai vai cortar a grama agoraaa :(,Tue Sep 11 12:04:05 +0000 2018,Negativo,:(
1039394180676575232,"No mentira, mentira :( https://t.co/yvwvQtuF7q",Tue Sep 11 06:04:18 +0000 2018,Negativo,:(
1039380366459654147,@TheTimbow mentira que era só esse cara aparecer na tv que vc nem lembrava de mim :( mas se eu vejo uma cena de avatar sem vc é nossaaaaa,Tue Sep 11 05:09:24 +0000 2018,Negativo,:(
1039971288398393345,@Joaquincab565 Mentira :(,Wed Sep 12 20:17:31 +0000 2018,Negativo,:(
1039963926023299073,@tameimputa Isso é uma mentira E já não te elogio mais :(,Wed Sep 12 19:48:16 +0000 2018,Negativo,:(
1039967229713043458,@Valentweetna_ Mentira :(,Wed Sep 12 20:01:23 +0000 2018,Negativo,:(
1039939578218655745,@jxvig Basta de mentiras :(,Wed Sep 12 18:11:31 +0000 2018,Negativo,:(
1039927268200665089,@hamilsburb AÍ MENTIRA???? Eu mudei de horário :(,Wed Sep 12 17:22:36 +0000 2018,Negativo,:(
1039924804818804737,Eu espero q seja mentira isso do henry cavill não ser mais o superman mano eu to devastada. Eu ja me apeguei tanto a ele como superman não quero outro ator não bicho :(,Wed Sep 12 17:12:48 +0000 2018,Negativo,:(
1039930303601623041,@Hey_Deota Que mentira mais descarada :(,Wed Sep 12 17:34:40 +0000 2018,Negativo,:(
1039913810788798464,@dudabaylao mentira vei :(((((,Wed Sep 12 16:29:07 +0000 2018,Negativo,:(
1039911679369330689,"@xamorxmuertox MENTIRA, VIVO PUTEANDO :(",Wed Sep 12 16:20:39 +0000 2018,Negativo,:(
1039907862284324864,É mentira isso ok. &gt;:( https://t.co/CTD4jtA5fy,Wed Sep 12 16:05:29 +0000 2018,Negativo,:(
1039916924833083392,@celiagml_ Mentira :(,Wed Sep 12 16:41:30 +0000 2018,Negativo,:(
1039896023261425664,"mentira, tá? é que eu tava ouvindo quando bate aquela saudade. :(",Wed Sep 12 15:18:26 +0000 2018,Negativo,:(
1039890661053480960,"@cindy_praxedes aaaaaa não, diz q é mentira :(",Wed Sep 12 14:57:08 +0000 2018,Negativo,:(
1039893354325188609,mentira mas eu queria ter falado mais com ele :-( eu tava mo nervosa gkwjfnwkjxjsnd pq eu sou assim,Wed Sep 12 15:07:50 +0000 2018,Negativo,:(
1039884586493333504,mentira eu nao vou :(,Wed Sep 12 14:33:00 +0000 2018,Negativo,:(
1039876075793342471,@beatrizambujo mentira :(((,Wed Sep 12 13:59:11 +0000 2018,Negativo,:(
1039879978874298370,@MirellyVasconc4 mentira :(,Wed Sep 12 14:14:41 +0000 2018,Negativo,:(
1039879335577092096,!!!os doramas mentiram pra mim!!! brazil I'm devasted :(((( https://t.co/2FpdUnnxiZ,Wed Sep 12 14:12:08 +0000 2018,Negativo,:(
1039869905594720256,Mano mentira q a sombra é da blizzcon :( eu to muito triste @Blizzard_Ent pls give the sombra skin i’m so sad,Wed Sep 12 13:34:39 +0000 2018,Negativo,:(
1040079506189561856,"mentira, me amai por mandarte contenido de primera :) https://t.co/C4xA8l0vTo",Thu Sep 13 03:27:32 +0000 2018,Positivo,:)
1040041930011369472,@fedevigevani No mentira :),Thu Sep 13 00:58:13 +0000 2018,Positivo,:)
1040035745011048448,@tempusvoa mentira é meu pãozinho de mel mais docinho :),Thu Sep 13 00:33:39 +0000 2018,Positivo,:)
1040027631859720192,"Mentira, dormi 30 minutos no comboio :)",Thu Sep 13 00:01:24 +0000 2018,Positivo,:)
1040022849250095105,Q q houve entre vc e a Sarah ? — mentiras :p https://t.co/t0V25uvQS2,Wed Sep 12 23:42:24 +0000 2018,Positivo,:)
1040100415545724929,@taryzottino mentiraaa :( af uma bosta isso neh minha mãe brinca q parece q eu passo o mes todo ou sofrendo ou sangrando (e é vdd),Thu Sep 13 04:50:37 +0000 2018,Negativo,:(
1040109335723036672,"mentira :( para de me trocar desse jeito, cara https://t.co/jxudz4uHDa",Thu Sep 13 05:26:04 +0000 2018,Negativo,:(
1040075248421535749,@Zietzchav Mentira a a. :(,Thu Sep 13 03:10:37 +0000 2018,Negativo,:(
1040074705414356992,por favor que isso tudo seja mentira so mais uma fake new por favor porra :((((((((((((((( #cubeiscancelledparty #CubeisCanceled,Thu Sep 13 03:08:28 +0000 2018,Negativo,:(
1040056509839941634,@brndxmr Mentira :( aaaa,Thu Sep 13 01:56:09 +0000 2018,Negativo,:(
1040048453592801280,"@uselolja MENTIRA :(( Adorava comprar lá, mas tem tempo que não ia (tava ruim de grana) Tá sem nenhuma loja física?",Thu Sep 13 01:24:09 +0000 2018,Negativo,:(
1040023800660848640,"Mentira, eu não tenho ninguém gente :(",Wed Sep 12 23:46:11 +0000 2018,Negativo,:(
1040037844314677249,mt mentira q tem 15 isso n pode se vdd n n acredito nisso &gt;:( — eu tenho kk to falando https://t.co/Wjb2Gz3nof,Thu Sep 13 00:41:59 +0000 2018,Negativo,:(
1040030431712882694,Mentira não vou n :(,Thu Sep 13 00:12:32 +0000 2018,Negativo,:(
1040028917116092418,AAAAAAAA mentira que eles vem aff queria ir :( https://t.co/PCH7uD4V1v,Thu Sep 13 00:06:31 +0000 2018,Negativo,:(
1040028067769540608,@marrodrigxez @gimenezsilva011 Mentira &gt;:(,Thu Sep 13 00:03:08 +0000 2018,Negativo,:(
1040027872977666048,@_voitekowski @lwmarcela Mentira vc me excluiu dela :(,Thu Sep 13 00:02:22 +0000 2018,Negativo,:(
1040020618605981698,sou tão legal (mentira) e as pessoas ficam me dando vácuo no wpp :(,Wed Sep 12 23:33:32 +0000 2018,Negativo,:(
1040022288366743552,"mentira, acabei de passar por isso e machuquei a mão, a meliante riu &gt;:(",Wed Sep 12 23:40:10 +0000 2018,Negativo,:(
1040017780991553542,"@rhyxicthm Mentira, ve a dormir. :(",Wed Sep 12 23:22:16 +0000 2018,Negativo,:(
1040019252919627776,"djsaghjdsahgh mentira. me conta, sei la, quais seus livros favoritos? — eu não tenho :( ate agr li poucos livros https://t.co/kbHoETCcUu",Wed Sep 12 23:28:07 +0000 2018,Negativo,:(
1040012591219834880,Mentira :( Amanhã as14h acho,Wed Sep 12 23:01:38 +0000 2018,Negativo,:(
1040005469316804609,@yaslepero @kindeerz @muriloz_ É mentira amorzinhu. :(,Wed Sep 12 22:33:20 +0000 2018,Negativo,:(
1040293712021073922,"cadê, gente? Era mentira? :)",Thu Sep 13 17:38:43 +0000 2018,Positivo,:)
1040289197251350528,"@Ariadubs Na mentira, felicidades :D https://t.co/pXgLIxm7NU",Thu Sep 13 17:20:46 +0000 2018,Positivo,:)
1040299208849403904,"@____afraid Pura mentira Sara, mas já que acha que é o cinza :)",Thu Sep 13 18:00:33 +0000 2018,Positivo,:)
1040304710819962882,@j_upsidedown Mentira! É falar comigo :),Thu Sep 13 18:22:25 +0000 2018,Positivo,:)
1040259256874885121,Maria se vires isto é mentira não estou nem um pouco arrependida :) &lt;33,Thu Sep 13 15:21:48 +0000 2018,Positivo,:)
1040236004454674433,"Tudo mentira, eu defendo e critico sim :D",Thu Sep 13 13:49:24 +0000 2018,Positivo,:)
1040559117151207425,@doce_mentira @poupeedeluxe ah então vc mais do que compensou essa coisa aí :),Fri Sep 14 11:13:20 +0000 2018,Positivo,:)
1040494144177750016,"Mentira, to triste ainda, eu to sempre triste e isso não muda, mas pelo menos tem gente legal pra eu passar o tempo junto :D",Fri Sep 14 06:55:10 +0000 2018,Positivo,:)
1040565176255356928,Mentira q eu vou depender do dinheiro p colocar gasolina kkkkkkkkkk :(,Fri Sep 14 11:37:25 +0000 2018,Negativo,:(
1040559566923161600,Mentira que tão querendo legalizar a caça de baleias? :(,Fri Sep 14 11:15:08 +0000 2018,Negativo,:(
1040466569086816256,@Greenarcotics Mentira :(,Fri Sep 14 05:05:35 +0000 2018,Negativo,:(
1040458067698180096,"@hmmorato Mentira, eu tinha ele nas redes tudo :(",Fri Sep 14 04:31:48 +0000 2018,Negativo,:(
1040454786594877442,@eaiyago mentira nada vc disse que gostou &gt;:( ta com gosto de que,Fri Sep 14 04:18:46 +0000 2018,Negativo,:(
1040774715416170497,"mentira lembrei aq q eu sou boa fzd coisas manuais sabe tipo esses diy e tals tb sou boa organizando feed,plmns eu acho :)",Sat Sep 15 01:30:03 +0000 2018,Positivo,:)
1040772817791451136,@princs_consuela @LoucoporChamame Mentira não tenho favoritismo SÓ CIÚME :))))))),Sat Sep 15 01:22:31 +0000 2018,Positivo,:)
1040840555104821248,@ispennylane :( mentira,Sat Sep 15 05:51:40 +0000 2018,Negativo,:(
1040845269003317248,@felispers @sakurachwn É mentira sim para :(,Sat Sep 15 06:10:24 +0000 2018,Negativo,:(
1040836240780746752,Mentira :(,Sat Sep 15 05:34:32 +0000 2018,Negativo,:(
1040808603689672704,@lneeme Mentira que cê tava no colegio e eu nao te vi :(((((((,Sat Sep 15 03:44:43 +0000 2018,Negativo,:(
1040802468857147392,@mirchaeng mentira namorada eu te amo :(,Sat Sep 15 03:20:20 +0000 2018,Negativo,:(
1040799041251098625,"@miihcaproni q mentira, mal me dá atenção :(",Sat Sep 15 03:06:43 +0000 2018,Negativo,:(
1040794732920807424,@kevmisonrisa Era mentira :(,Sat Sep 15 02:49:36 +0000 2018,Negativo,:(
1040787055477964800,@pazos_paco era mentira :((,Sat Sep 15 02:19:05 +0000 2018,Negativo,:(
1040754054513807360,mentira jinho não precisa postar selca agora meu benzinho eu entendo :(,Sat Sep 15 00:07:57 +0000 2018,Negativo,:(
1040754646502068229,"@M98IQ MENTIRA. Em anos nessa indústria vital, é a primeira vez que isso acontece... :(",Sat Sep 15 00:10:18 +0000 2018,Negativo,:(
1040748213198901249,Parece mentira que hj foi o último dia :(((((,Fri Sep 14 23:44:44 +0000 2018,Negativo,:(
1040744174902042624,@R0smer @SoUmgx Mentira :(,Fri Sep 14 23:28:42 +0000 2018,Negativo,:(
1041056855638908928,@fedevigevani Mentira :),Sat Sep 15 20:11:10 +0000 2018,Positivo,:)
1041045737948233728,@dosogas Na mentira :D,Sat Sep 15 19:27:00 +0000 2018,Positivo,:)
1041041597654355968,o bolo não é uma mentira xingar os amiguinhos é errado e esse programa tá muito bom espalhem a palavra :D https://t.co/3kuEVMcJPF,Sat Sep 15 19:10:33 +0000 2018,Positivo,:)
1041032371905212416,@sofyybubu mentira cronica :p,Sat Sep 15 18:33:53 +0000 2018,Positivo,:)
1041074627890561024,"@curlydorian mentira!!!! não eu não vi, eu tô muito ocupada esses dias :( só vi o do insta mesmo, oq ela disse?",Sat Sep 15 21:21:48 +0000 2018,Negativo,:(
1041071370476511232,@shaguiO5 :( mentiras,Sat Sep 15 21:08:51 +0000 2018,Negativo,:(
1041060102411898882,@haepure ISSO EH MENTIRA FOI VC QUE ESQUECEU DE MIM &gt;:(((,Sat Sep 15 20:24:05 +0000 2018,Negativo,:(
1041058865792671744,Mentira. Nem uso. Desde que me descobri bipolar eu praticamente serei o meu uso :(,Sat Sep 15 20:19:10 +0000 2018,Negativo,:(
1041046158657892353,"@gicrvg Mentira?? Fui em uma ontem e não vi :(, foi em qual?",Sat Sep 15 19:28:40 +0000 2018,Negativo,:(
1041037266657923072,@thais_aonde @nbamands mentira ne kkkkk aff :(,Sat Sep 15 18:53:20 +0000 2018,Negativo,:(
1041028693072732160,@estebannaranjoo no mentira no te vi :(,Sat Sep 15 18:19:16 +0000 2018,Negativo,:(
1041012089337380866,"Conta-me um piada — Naum&gt;:( Mentira, eu contokk https://t.co/o7Xg1I85n4",Sat Sep 15 17:13:17 +0000 2018,Negativo,:(
1041014648198373377,@doce_mentira lamento pela sua perda viu :(,Sat Sep 15 17:23:27 +0000 2018,Negativo,:(
1041000216864989184,@priskacale @Jessy_GonzalezA Mentira :((( https://t.co/D1CFMJDN6D,Sat Sep 15 16:26:07 +0000 2018,Negativo,:(
1041000704876396545,@Rominasobrera01 mentira :(,Sat Sep 15 16:28:03 +0000 2018,Negativo,:(
1040995482644963328,@_rollingmaki Mentira :(,Sat Sep 15 16:07:18 +0000 2018,Negativo,:(
1040994751409991681,@niko_loko96 Que mentira :(,Sat Sep 15 16:04:24 +0000 2018,Negativo,:(
1040988194588774401,@zabsad Mentira :-(,Sat Sep 15 15:38:20 +0000 2018,Negativo,:(
1040972981374279680,a miley MORREU parem de inventar mentiras sobre a mina po respeita &gt;:(,Sat Sep 15 14:37:53 +0000 2018,Negativo,:(
1041432845590425600,ai mentira :( que coisa mais triste https://t.co/mdbT4HTLWn,Sun Sep 16 21:05:13 +0000 2018,Negativo,:(
1041431627954642944,@Jzzz_z mentira??? :(,Sun Sep 16 21:00:23 +0000 2018,Negativo,:(
1041428717908705281,"@cmilawinx mentira, meu neném lindo, não fica chata :(",Sun Sep 16 20:48:49 +0000 2018,Negativo,:(
1041425229829091329,Mentira. :( https://t.co/KBs2EyV0RM,Sun Sep 16 20:34:58 +0000 2018,Negativo,:(
1041424995677888512,@jadetonta MENTIRA &gt;:(,Sun Sep 16 20:34:02 +0000 2018,Negativo,:(
1041411287446695936,@pussyoflegends mENTIRA &gt;:(,Sun Sep 16 19:39:34 +0000 2018,Negativo,:(
1041399055014871040,@PernaBugada PROBLEMA É TEU&gt;:(( mentira dm eu te falo,Sun Sep 16 18:50:57 +0000 2018,Negativo,:(
1041400634577182720,mentira eu to com saudade de ti tbm clara :(((( tu falando enquanto dormia :( a gnt expulsando o ladrao da tua casa :( vendo filme juntas :(,Sun Sep 16 18:57:14 +0000 2018,Negativo,:(
1041388193076133888,@Lucasrs_16 @DeyvydAndrade nao conte mentiras :(,Sun Sep 16 18:07:47 +0000 2018,Negativo,:(
1041384249100627968,@garileba Isso é mentira. Ela ficou muito preocupada aqui mas é pq eu to vomitando igual doida dai ela tava tentando resolver o que fazia :(,Sun Sep 16 17:52:07 +0000 2018,Negativo,:(
1041384662554300416,@laurdrugs ai :( é mentira sim,Sun Sep 16 17:53:46 +0000 2018,Negativo,:(
1041377736835719173,"mentira, naja do caralho, tu soh quer o dinheiro do meu bb :( https://t.co/OYQi8RVmuS",Sun Sep 16 17:26:14 +0000 2018,Negativo,:(
1041370097946963969,@caeperti mentiraaaaaaaaaaaaaaaaaaaaaaaaa :(,Sun Sep 16 16:55:53 +0000 2018,Negativo,:(
1041369316476833792,Mentiras exagere :(,Sun Sep 16 16:52:47 +0000 2018,Negativo,:(
1041373262754840576,@LukLP mentira??? :(((,Sun Sep 16 17:08:28 +0000 2018,Negativo,:(
1041364350332805121,ah mentira q tem investigação criminal na netflix??? aaaaaaa :(( https://t.co/C0SoswgiKE,Sun Sep 16 16:33:03 +0000 2018,Negativo,:(
1041363354131083266,mentira fode sim kkkk :(,Sun Sep 16 16:29:05 +0000 2018,Negativo,:(
1041359320619905024,@Pika__Girl_ Mentira :(,Sun Sep 16 16:13:04 +0000 2018,Negativo,:(
1041510689238597632,@akimPTjoffer Olha a mentira! Eu ouvi o baixo e estava ótimo :),Mon Sep 17 02:14:33 +0000 2018,Positivo,:)
1041505856335085568,"Vamos acordar todos as 3 da tarde, mentira escola não deixa :D",Mon Sep 17 01:55:21 +0000 2018,Positivo,:)
1041623546718572544,mentira tá nada hj ainda é segunda :(,Mon Sep 17 09:43:00 +0000 2018,Negativo,:(
1041627701134675968,Mentira. Uno nunca se acostumbra a madrugar. :(,Mon Sep 17 09:59:31 +0000 2018,Negativo,:(
1041643965055950848,pena que era de mentira :(( (brincadeira KKKKKKKK Deus me livre) https://t.co/vfU1IHgsAJ,Mon Sep 17 11:04:08 +0000 2018,Negativo,:(
1041572452235702272,@NormalAndSadBoy mentira :(,Mon Sep 17 06:19:58 +0000 2018,Negativo,:(
1041569129671667712,Ve que no es mentira :(:( https://t.co/gaTd6sOGB3,Mon Sep 17 06:06:46 +0000 2018,Negativo,:(
1041560561056722944,@outrotxear Mentira &gt;:((,Mon Sep 17 05:32:43 +0000 2018,Negativo,:(
1041532532414717952,@Malena_ferrero mentira :(,Mon Sep 17 03:41:21 +0000 2018,Negativo,:(
1041531356747059201,@suprmwitch que mentira vc me odeia :(,Mon Sep 17 03:36:40 +0000 2018,Negativo,:(
1041530131360239617,@G0RGXOUSVNGXL Mentira :(,Mon Sep 17 03:31:48 +0000 2018,Negativo,:(
1041526019956637697,@Srqueiiroz que mentira vei eu pilotei certin kkkkkkkkk ox :(,Mon Sep 17 03:15:28 +0000 2018,Negativo,:(
1041514106023497728,@yoojuvng mentira vc que é linda 😔 E 1@/!/&amp;/?/&amp;/!/&amp;/@‘392!2 eu tambem gosto mt de te ver na tl serio ate fiquei com vergonha de dar like no tweet por causa disso :-(,Mon Sep 17 02:28:07 +0000 2018,Negativo,:(
1041513650123677696,@sanhunan MENTIRA vamos conversar sim por favor te acho super legal :(,Mon Sep 17 02:26:19 +0000 2018,Negativo,:(
1041509849895522304,mentira vc e legal eu não faria isso :( — iti q lindx https://t.co/9pA2KqDIf6,Mon Sep 17 02:11:13 +0000 2018,Negativo,:(
1041498697274671104,@teodeiochangbin mentiraaaaaa pq nao foi dar oi :-(,Mon Sep 17 01:26:54 +0000 2018,Negativo,:(
1041497530205462528,mentira :( https://t.co/0HoLnTXLVH,Mon Sep 17 01:22:15 +0000 2018,Negativo,:(
1041490410516963328,@bmoreschig q mentira olha a legenda :(,Mon Sep 17 00:53:58 +0000 2018,Negativo,:(
1041490738566098945,mentira nem to :(,Mon Sep 17 00:55:16 +0000 2018,Negativo,:(
1041801290765017090,@aliciaforlim1 mentira????? meus pais também não mas tavam falando que era só levar o título e dava.... nossa se for assim menos quatro votos :),Mon Sep 17 21:29:18 +0000 2018,Positivo,:)
1041775577743716353,@FilipeCifali @pac_man Mentira que tu usa o deezer pq é de graça pela Tim! :p,Mon Sep 17 19:47:07 +0000 2018,Positivo,:)
1041765944777994240,"@badhesgirl Já apareceu sim emA Mentira perfeita, ele é primo do Marcus e do Max, dá uma lida de novo que você acha ele nas cenas do bar :)",Mon Sep 17 19:08:50 +0000 2018,Positivo,:)
1041753982421663746,pode chutar felipe outra dica: meias — Mentira que é você :D Finalmente voltou Aeeeeee pouha https://t.co/9BTSUQ1OKi,Mon Sep 17 18:21:18 +0000 2018,Positivo,:)
1041727741509419009,"@kordeiexperct mentira, pq quando eu vejo uma notificaçao sua só falta eu pular :)",Mon Sep 17 16:37:02 +0000 2018,Positivo,:)
1041705555037958147,"Particularmente no meu caso, isso é mentira. Tinha uma amizade de 12 anos e a uns 7 meses atrás apareceu um guri e minha "" amiga"" simplesmente virou a cara pra mim por causa de um pau no meio das pernas. Então não :)) https://t.co/FpcZk7SfqB",Mon Sep 17 15:08:52 +0000 2018,Positivo,:)
1041686682423230464,Mentira :P https://t.co/5QXJEV9Q5K,Mon Sep 17 13:53:53 +0000 2018,Positivo,:)
1041805391905136640,@assuncaovilar_ Mentira :(,Mon Sep 17 21:45:35 +0000 2018,Negativo,:(
1041805681349808128,@RicardoMateus16 mentira :(,Mon Sep 17 21:46:44 +0000 2018,Negativo,:(
1041811773568036864,@amandalterada mentira :(,Mon Sep 17 22:10:57 +0000 2018,Negativo,:(
1041807694921977856,@ThatiPK mentira??? tadinhaaa :(,Mon Sep 17 21:54:44 +0000 2018,Negativo,:(
1041808388957589505,@__catss Mentiraaa :(,Mon Sep 17 21:57:30 +0000 2018,Negativo,:(
1041798695103201280,@Racacciatore Mentira :(,Mon Sep 17 21:18:59 +0000 2018,Negativo,:(
1041796695665926146,"@StephannyWerner Td dia :( mentira, te amo",Mon Sep 17 21:11:02 +0000 2018,Negativo,:(
1041773596056670208,@juliacamoes @p_stagi q mentira p vc só dou amor :(,Mon Sep 17 19:39:15 +0000 2018,Negativo,:(
1041777842051276805,@NamoralBrenda Mentiraaaa :(,Mon Sep 17 19:56:07 +0000 2018,Negativo,:(
1041758960955613184,@mimamamemima_11 Iiiiish que mentira :(,Mon Sep 17 18:41:05 +0000 2018,Negativo,:(
1041757642358702080,"@MauroBreyer mentira, conquistei não :(",Mon Sep 17 18:35:51 +0000 2018,Negativo,:(
1041751474492112897,@debracorrea Mentira nem é :(,Mon Sep 17 18:11:20 +0000 2018,Negativo,:(
1041753096219713537,@verylodge Mentira :( eu amo você e amo Thonnie. Quero netos!,Mon Sep 17 18:17:47 +0000 2018,Negativo,:(
1041743711892393994,@iagsonmaluco mentira eu qro começar a jogar com o rakan agr :( mas a lulu n sai de mim.............,Mon Sep 17 17:40:30 +0000 2018,Negativo,:(
1041736586352881665,@cbarrioslaura Que mentira :(,Mon Sep 17 17:12:11 +0000 2018,Negativo,:(
1041722762979627014,@floreshadadmaia Mentiraa :(((,Mon Sep 17 16:17:15 +0000 2018,Negativo,:(
1041698279468265473,@iStrangerGirl_ Mentira bb :(,Mon Sep 17 14:39:58 +0000 2018,Negativo,:(
1041696079627124736,@uzumakkie mentiram sim :(,Mon Sep 17 14:31:13 +0000 2018,Negativo,:(
1041691126523158528,@LetciaaX mentira??????????? :((((,Mon Sep 17 14:11:32 +0000 2018,Negativo,:(
1041668409195474947,Mentira sei sim Pq comi um tiquinho de feijão ontem :(,Mon Sep 17 12:41:16 +0000 2018,Negativo,:(
1041662089176252416,@Mariloligtz10 Que mentiraaaa &gt;:(,Mon Sep 17 12:16:09 +0000 2018,Negativo,:(
1041885306579046400,"AAAAA FELIZ NAVIDA---- ah mentira, FELIZ 18 WAPOS Y WAPAS :D",Tue Sep 18 03:03:09 +0000 2018,Positivo,:)
1041872953607114752,@lwtdawns Mentira Eu amo :),Tue Sep 18 02:14:03 +0000 2018,Positivo,:)
1041855387417362432,"Só me segue aí! Vai gostar :) Mentira, nem vai... mas mesmo assim me segue aí, as vezes eu posto algo legal! Se eu chegar em 100 seguidores vou sortear 2 abraços de graça!!!! https://t.co/AT8DbD4Tnw #instagram #photography #Animes #games #folloMe",Tue Sep 18 01:04:15 +0000 2018,Positivo,:)
1042152848279130112,"mentira, resolveu :)",Tue Sep 18 20:46:15 +0000 2018,Positivo,:)
1042170794166628352,@VidocVoid Es mentira. :),Tue Sep 18 21:57:34 +0000 2018,Positivo,:)
1042140674492125184,@fxgalax_ MENTIRA. :D,Tue Sep 18 19:57:53 +0000 2018,Positivo,:)
1042118211469299713,@kikapestana Mentira. Hoje viste me :),Tue Sep 18 18:28:37 +0000 2018,Positivo,:)
1042103034661298177,"@EduardoDunova Tu me ama, admita aí :) Mentira, vá estudar guri",Tue Sep 18 17:28:19 +0000 2018,Positivo,:)
1042054312837476353,mentira :) https://t.co/977xZbfPkJ,Tue Sep 18 14:14:43 +0000 2018,Positivo,:)
1042053851682140161,@FCS01975 E mentira :) eu através da NOS se tivesses disponibilidade ia aos jogos em casa com convite e isto não e só este ano.,Tue Sep 18 14:12:53 +0000 2018,Positivo,:)
1042354013314981888,mENTIRA QUE MEU PROFESSOR ENTROU NA SALA BEM QUANDO COMEÇOU A TOCAR EPIPHANY &gt;&gt;&gt;&gt;&gt;:(,Wed Sep 19 10:05:37 +0000 2018,Negativo,:(
1042286375670833152,@SofiaMacay Mentira bb :(,Wed Sep 19 05:36:51 +0000 2018,Negativo,:(
1042297946312716288,"@Vitorinhalele mentira, eu quero namorar :(",Wed Sep 19 06:22:50 +0000 2018,Negativo,:(
1042290824392912896,"Aff, mentira. :-( https://t.co/koGkTXhPX7",Wed Sep 19 05:54:32 +0000 2018,Negativo,:(
1042270195681767424,@nahid_thse :( mentira,Wed Sep 19 04:32:33 +0000 2018,Negativo,:(
1042276104541753344,:( que mentira. https://t.co/Ej65uqeZGK,Wed Sep 19 04:56:02 +0000 2018,Negativo,:(
1042266249194090496,@ancap1910 tudo mentira :(,Wed Sep 19 04:16:52 +0000 2018,Negativo,:(
1042240697464770561,mentira? :( https://t.co/7Br5mMRQC0,Wed Sep 19 02:35:20 +0000 2018,Negativo,:(
1042240328173056000,mentira que uma saiu :( são as unicas que eu lembro e que eu mais gostei de quando eu assisti https://t.co/BDXrTGTrr3,Wed Sep 19 02:33:52 +0000 2018,Negativo,:(
1042211672587468801,mentira eu sou um amor :( https://t.co/UVWBZxubex,Wed Sep 19 00:40:00 +0000 2018,Negativo,:(
1042210187304677377,"@suelenpadilha_ Mi daa uummmm (mentira não posso ter :( ),mas queria",Wed Sep 19 00:34:06 +0000 2018,Negativo,:(
1042207933633888257,@Renii026 mentira esa fuiste vos :( háblame,Wed Sep 19 00:25:09 +0000 2018,Negativo,:(
1042207332808187904,@cifraclub @nadaveeer Mentira pq tá uma lerdeza danada e as vezes dá erro :(,Wed Sep 19 00:22:46 +0000 2018,Negativo,:(
1042200536467025920,@sofxmood @sofi_maure_ Era mentira :(,Tue Sep 18 23:55:45 +0000 2018,Negativo,:(
1042186700380925952,@LucasSaccumann Mentira :(,Tue Sep 18 23:00:46 +0000 2018,Negativo,:(
1042182440058585088,@miyazoka @_tasdead @Piimentel_10 Mentira :(((,Tue Sep 18 22:43:51 +0000 2018,Negativo,:(
1042173917950107648,"@sthepxt ah mentira, eu não te vejo tem mais de 2 semanas :(",Tue Sep 18 22:09:59 +0000 2018,Negativo,:(
1042183621476528128,Mentira :( https://t.co/rucu0mccb6,Tue Sep 18 22:48:32 +0000 2018,Negativo,:(
1042517120507097088,"@vampirebutcher Não sei que mentiras te estão a inspirar, por isso não posso comentar :p",Wed Sep 19 20:53:45 +0000 2018,Positivo,:)
1042503858528968704,"mentira gente só tenho nojo de alguns homens com suas ações, de resto fico de boa :)",Wed Sep 19 20:01:03 +0000 2018,Positivo,:)
1042502816340828161,@diogo144macedo Mentiraaaa Eu aprovo a LD :),Wed Sep 19 19:56:54 +0000 2018,Positivo,:)
1042521914403635200,"•pufff eu só te odeio, kakakaka mentira, es um rapaz 5* que eu admiro imenso e de quem morro de saudades, es o meu bebezinho e o melhor amigo que podia ter •da minha familia :))) •o meu namorado lindo :))))&lt;33333 https://t.co/RBap903j5k",Wed Sep 19 21:12:48 +0000 2018,Positivo,:)
1042476682089832448,"@Gerson_Suarez29 Que va, puras mentiras :p",Wed Sep 19 18:13:03 +0000 2018,Positivo,:)
1042475744373485571,@martalmeida16 Sabes bem que é mentira :)),Wed Sep 19 18:09:20 +0000 2018,Positivo,:)
1042458800987561985,@_marcelaarruda_ mentira que vc fez pro doroteia!!!!! :)),Wed Sep 19 17:02:00 +0000 2018,Positivo,:)
1042434627183542274,@naysoo_ @LaisCoutinho_ :-) nao eh mentira,Wed Sep 19 15:25:57 +0000 2018,Positivo,:)
1042437013440475136,boladao de café na mão mentira eu acordei suave bom dia tropa ! :p,Wed Sep 19 15:35:26 +0000 2018,Positivo,:)
1042634135884509184,@bxsanbun MENTIRA &gt;:(,Thu Sep 20 04:38:43 +0000 2018,Negativo,:(
1042665590920540160,@Iustformila mentira :(,Thu Sep 20 06:43:43 +0000 2018,Negativo,:(
1042680124024520704,@yoongidream_ mentira :(((,Thu Sep 20 07:41:28 +0000 2018,Negativo,:(
1042635465139138561,"Eles desmentiram, são apenas amigos. Mas poxa :( https://t.co/2NK4wQPrcz",Thu Sep 20 04:44:00 +0000 2018,Negativo,:(
1042612836168544257,@straybbys mentira &gt;:(,Thu Sep 20 03:14:05 +0000 2018,Negativo,:(
1042601966000644096,@juestermg Mentira vc nunca mais me deu amor :(,Thu Sep 20 02:30:53 +0000 2018,Negativo,:(
1042603298765848576,"@faIIingforywu que mentira, beatriz. eu te amo :(",Thu Sep 20 02:36:11 +0000 2018,Negativo,:(
1042597689924440064,MENTIRA :((( https://t.co/fnBoV07QQN,Thu Sep 20 02:13:54 +0000 2018,Negativo,:(
1042589867639746560,"@Edcev27 mentira, que mal :(",Thu Sep 20 01:42:49 +0000 2018,Negativo,:(
1042588348903313408,@jinnyx00 @storchhh @hugsgrierr mentira meu ovo :(,Thu Sep 20 01:36:47 +0000 2018,Negativo,:(
1042581818829103105,@582JG @KJWOO98 É mentira neném :((( não acredita nesse pedaço de mau caminho,Thu Sep 20 01:10:50 +0000 2018,Negativo,:(
1042579953764720640,@xscapxtheworld mentira :(,Thu Sep 20 01:03:25 +0000 2018,Negativo,:(
1042576355676839938,"@Luck_Yamin tudo mentira vc ajuda sim, já esqueceu da conversinha que tivemos hj??? não pensa assim :(((",Thu Sep 20 00:49:07 +0000 2018,Negativo,:(
1042574627216793603,E HOMENS BONITOS PRA DAR EM CIMA mentira Não tem homens :(,Thu Sep 20 00:42:15 +0000 2018,Negativo,:(
1042573875576483842,"@BatelRenato Mentira? Cobravam por letra por registro?? 🤦🏻‍♀️ A história do meu bisavô é complicada, pq mudaram o sobrenome (n se sabe o real motivo), aí só temos o nome dele e dos pais, ano de nascimento e do desembarque. Mas n achei nd no acervo online :(",Thu Sep 20 00:39:16 +0000 2018,Negativo,:(
1042573197496004610,mentira que a isa trocou de conta :(,Thu Sep 20 00:36:35 +0000 2018,Negativo,:(
1042568685515419648,@rickyalexandre7 Mentira :(,Thu Sep 20 00:18:39 +0000 2018,Negativo,:(
1042562727577899011,@belasantesso kkkk mentira fiquei triste :(,Wed Sep 19 23:54:58 +0000 2018,Negativo,:(
1042560214346686464,mentira ter sentimentos é mt bom mas tem certos sentimento de gente doida que é muito ruim :(,Wed Sep 19 23:44:59 +0000 2018,Negativo,:(
1042552403197874177,Mentira não vou não :(,Wed Sep 19 23:13:57 +0000 2018,Negativo,:(
1042532790410067968,@hyunjinsfe ai que mentira :(,Wed Sep 19 21:56:01 +0000 2018,Negativo,:(
1042530285412384769,@candyongguk mENTIRA a fandom n significa nada &gt;:((((( #amorsemfandoms,Wed Sep 19 21:46:03 +0000 2018,Negativo,:(
1042975941578784770,@AquiAndrea_ Es mentira bebe :(,Fri Sep 21 03:16:56 +0000 2018,Negativo,:(
1042974981758414848,"@sonn_e Mentiraaaaa q vc foooooi, tb quero :(",Fri Sep 21 03:13:07 +0000 2018,Negativo,:(
1042966300304334848,@_willsst mentira :((,Fri Sep 21 02:38:38 +0000 2018,Negativo,:(
1042901946905112582,@bitterurie mentira :((,Thu Sep 20 22:22:54 +0000 2018,Negativo,:(
1042966116434432006,@bragiics que mentira!!!!! :(,Fri Sep 21 02:37:54 +0000 2018,Negativo,:(
1042963640725450752,@fiischerleticia mentira que eu perdi isso :(((((,Fri Sep 21 02:28:03 +0000 2018,Negativo,:(
1042963058056933376,@__Marquez_ Mentiras :(,Fri Sep 21 02:25:45 +0000 2018,Negativo,:(
1042959151893303296,@sprvngcf era mentira :(,Fri Sep 21 02:10:13 +0000 2018,Negativo,:(
1042958228911521792,@DELXRXUM Mentira eres bonito :(,Fri Sep 21 02:06:33 +0000 2018,Negativo,:(
1042954342221983745,"@taylorcaniff Depende da mentira, mas sempre me sinto mal mentindo :(",Fri Sep 21 01:51:06 +0000 2018,Negativo,:(
1042940360484446208,@HMedeiros @LoPirata Pior que nem mentira é :(,Fri Sep 21 00:55:33 +0000 2018,Negativo,:(
1042936879581093888,"@memel_proenca mentira!!!! aff que tristeza, fofura + guaravita era sinônimo de alegria antigamente pra mim :(((",Fri Sep 21 00:41:43 +0000 2018,Negativo,:(
1042934753618546690,@NCharnizon ah não mentira a sua é no seu colegio ne :((,Fri Sep 21 00:33:16 +0000 2018,Negativo,:(
1042933052425613312,"@_eeugenio Para de mentira kkkkkkkkk eu não esperava isso logo de vc, se fosse o @Pedrofigr e tudo mais. Só que vc?? :(",Fri Sep 21 00:26:31 +0000 2018,Negativo,:(
1042931294865379333,A mentira é também uma traição ! Nem acredito que isso anda acontecendo na minha própria família. :(,Fri Sep 21 00:19:32 +0000 2018,Negativo,:(
1042924115601117184,"@euvieiraleticia não queria mesmo :( mentira, queria sim",Thu Sep 20 23:51:00 +0000 2018,Negativo,:(
1042916076458323970,Descobri que eu sou uma mentira :(,Thu Sep 20 23:19:03 +0000 2018,Negativo,:(
1042917181296705536,@AlejoUrban99 mentira :(,Thu Sep 20 23:23:27 +0000 2018,Negativo,:(
1042910920308137984,@nightwling mentira :(,Thu Sep 20 22:58:34 +0000 2018,Negativo,:(
1042903033938694144,@joanaritaads Que mentira :(,Thu Sep 20 22:27:14 +0000 2018,Negativo,:(
1042901223974883330,@italopez52 Mentiraaaaa te amooooo!!! :(((((((,Thu Sep 20 22:20:02 +0000 2018,Negativo,:(
1043303441752379392,"Mentira, fluiu sim! :)",Sat Sep 22 00:58:18 +0000 2018,Positivo,:)
1042899346646294533,Mentira :(,Thu Sep 20 22:12:35 +0000 2018,Negativo,:(
1043265548304482306,"@ka_mi_de_re @kuronozomu Também acho! (Mentira, nem sei do que vcs tão falando pq o Twitter do amigo tá trancado :P)",Fri Sep 21 22:27:44 +0000 2018,Positivo,:)
1043254989886566401,"eu (mentira, gatas. eu vou arrumadinho :D https://t.co/92nUWt5m3e",Fri Sep 21 21:45:46 +0000 2018,Positivo,:)
1043214111335751680,@Ncaf_3 ahahahah não disse mentira nenhuma :),Fri Sep 21 19:03:20 +0000 2018,Positivo,:)
1043198652137840641,Na verdade é mentira pq só quero uma carona até o Parque Ecológico mesmo :),Fri Sep 21 18:01:55 +0000 2018,Positivo,:)
1043178033253896193,"mentira, xau :) um beijinho pessoas lindas ❤️❤️❤️❤️❤️❤️",Fri Sep 21 16:39:59 +0000 2018,Positivo,:)
1043167531039711232,"@malavoglia mentira, quis agradar a dois chefes diferentes e deu nisso, mas compensa pelas horas q eu livrei pra ir pra roma tb :P",Fri Sep 21 15:58:15 +0000 2018,Positivo,:)
1043318429963440128,"@cecizila mentira,vc n me acha estilosa e tá falando só pra me agradar :(",Sat Sep 22 01:57:52 +0000 2018,Negativo,:(
1043314969717207040,@bialovestephi mentira :(,Sat Sep 22 01:44:07 +0000 2018,Negativo,:(
1043306659156766720,@softbeeh Mentiraaaaaaaaaa &gt;:(,Sat Sep 22 01:11:05 +0000 2018,Negativo,:(
1043296087593771008,@thaacoutinho_ mentira :(,Sat Sep 22 00:29:05 +0000 2018,Negativo,:(
1043292339786199041,@supporterjikook mentira q eu te respondi e se nao respondo é culpa do twitter q nao mostra as menções :(((,Sat Sep 22 00:14:11 +0000 2018,Negativo,:(
1043281659804770305,@_n4hf é mentira :(,Fri Sep 21 23:31:45 +0000 2018,Negativo,:(
1043279783243735040,da pena :( mentira da n https://t.co/lMDGLmHRXJ,Fri Sep 21 23:24:18 +0000 2018,Negativo,:(
1043280410904539136,Es mentira :( — Mentira??? https://t.co/IWdk02tYN5,Fri Sep 21 23:26:47 +0000 2018,Negativo,:(
1043301625824206848,"@elisa_stefani Não é assim :( mentira, talvez um pouco",Sat Sep 22 00:51:05 +0000 2018,Negativo,:(
1043262715769307136,é mentira isso :( https://t.co/t2DZRAZa0J,Fri Sep 21 22:16:28 +0000 2018,Negativo,:(
1043264973768720384,@xxxnataliaa MENTIRA meu deus não vou poder :(,Fri Sep 21 22:25:27 +0000 2018,Negativo,:(
1043257008072343553,"@twiceblush Mentiraaa, vc que me deixou lá plantada um tempão e ainda levou meu fone pra casa :((",Fri Sep 21 21:53:48 +0000 2018,Negativo,:(
1043256398510006272,"@392SL mentira meu anjo, te amo você &gt;:(",Fri Sep 21 21:51:22 +0000 2018,Negativo,:(
1043255935802793985,@_queensshawn_ MENTIRA 😱 MENNN ISSO É SÓ PARA FAZER INVEJA :( Não vale assim :(,Fri Sep 21 21:49:32 +0000 2018,Negativo,:(
1043251921044295680,"@Emyvls É triste né, vcs mentiram e isso tbem é triste :(",Fri Sep 21 21:33:35 +0000 2018,Negativo,:(
1043250507337412608,"@renataraujos mentira que é dia cincooo afe, não acredito :(",Fri Sep 21 21:27:58 +0000 2018,Negativo,:(
1043266108948664320,mentira to triste sim tomara que eu exploda :((( https://t.co/mgkVkXdDbf,Fri Sep 21 22:29:57 +0000 2018,Negativo,:(
1043263204028293120,@agrbazacrlh @qfoicrlh Mentira :((( eu amo - vos &lt;33,Fri Sep 21 22:18:25 +0000 2018,Negativo,:(
1043244050604744704,MENTIRA QUE FOI AQUI QUE BONITINHO :((((( https://t.co/0XtGDcS6vo,Fri Sep 21 21:02:18 +0000 2018,Negativo,:(
1043230929823719427,@carlydamasceno2 Infelizmente é mentira :(,Fri Sep 21 20:10:10 +0000 2018,Negativo,:(
1043231615441424386,@misterpinkeyes aaaaa então não era mentira? uaheuaheuh porra os cara cada hora fala um trem!!!!! que bom então porque sério eu perdi a conta já do tanto que repassei isso uahauahaua :(,Fri Sep 21 20:12:54 +0000 2018,Negativo,:(
1043226977753284612,@1_023kms Mentira &gt;:(,Fri Sep 21 19:54:28 +0000 2018,Negativo,:(
1043226480447303680,"@GabrielOlivera_ e na bota, mentira, iamos comunicar o grupão! ia ser dois carros na vdd, do meu pai e da nessa... aí é sextaaaaaaa :((((((((((((((",Fri Sep 21 19:52:29 +0000 2018,Negativo,:(
1043220785526128640,@julietalrpm Mentira :(,Fri Sep 21 19:29:52 +0000 2018,Negativo,:(
1043214741987110913,há músicas tão boas que até parece mentira eu poder ouvir isto de graça 72948 vezes seguidas :(,Fri Sep 21 19:05:51 +0000 2018,Negativo,:(
1043706234543767552,mentira gente quero amigos se alguém quiser eu tento ser legal :),Sun Sep 23 03:38:52 +0000 2018,Positivo,:)
1043208900290461699,@luucaxx MENTIRA!? :(((( Ja tava escolhendo meu vestido de madrinha p casamento afi,Fri Sep 21 18:42:38 +0000 2018,Negativo,:(
1043702163208384513,@jeonlyst MENTIRA :),Sun Sep 23 03:22:41 +0000 2018,Positivo,:)
1043652905591439361,@NattNogueira Mentira. Fui eu que realmente esqueci dessa vez. Desculpa te amo :),Sun Sep 23 00:06:57 +0000 2018,Positivo,:)
1043718098338099200,@mexingadireito @rocarelli mentiraaa aaain :(,Sun Sep 23 04:26:00 +0000 2018,Negativo,:(
1043702045184802816,@Iaurenjdebnam @yerinslgbt mentira :(,Sun Sep 23 03:22:13 +0000 2018,Negativo,:(
1043695758669697024,EU LEMBRO DISSO mentira que fsz 1 ano :( https://t.co/mFaDdw7rr4,Sun Sep 23 02:57:14 +0000 2018,Negativo,:(
1043683783956987904,@196QIAN Mentira que o gege recusa chocolate??? :O primeira pessoa que não aprecia bis :(,Sun Sep 23 02:09:39 +0000 2018,Negativo,:(
1043684550268870656,"Mentira que vai dormir tão cedo — Tô fora de casa desde as 10h, cheguei aqui era 21h :( tô morrendo de cansaço. Mas me chama na dm... https://t.co/6iuIk4omkL",Sun Sep 23 02:12:42 +0000 2018,Negativo,:(
1043667897611112448,@shadowhwdgehog Mentira porra eu te chamo e você é seco cmg :(,Sun Sep 23 01:06:31 +0000 2018,Negativo,:(
1043667119970373632,mentira seamos sOFT :( https://t.co/gMNPkSesa5,Sun Sep 23 01:03:26 +0000 2018,Negativo,:(
1043668480199921665,"@Isaaaac_H Mentira pq as vezes rola uns milagre e eu jogo o Fino de Sup e só o adc honra, e olha lá :(",Sun Sep 23 01:08:50 +0000 2018,Negativo,:(
1043658410120699905,@ecarolinaaraujo mentira :(,Sun Sep 23 00:28:49 +0000 2018,Negativo,:(
1043659930451042304,"@dudugoo Mentira, tu saiu com o João e nem rolou um convite :(",Sun Sep 23 00:34:52 +0000 2018,Negativo,:(
1043653927760203776,@itlourry ter amigas :( KKKKKK mentira (naquelas) usar tbm,Sun Sep 23 00:11:01 +0000 2018,Negativo,:(
1043651105333420032,"Mentira, nem fui kkkkkkkkkkkkkkkkkk :(",Sat Sep 22 23:59:48 +0000 2018,Negativo,:(
1043643435826204672,mentira :((((( https://t.co/8NaPfDkSA9,Sat Sep 22 23:29:19 +0000 2018,Negativo,:(
1043645467635126272,mentira eu to wh chorando ao som de follow rivers :(,Sat Sep 22 23:37:24 +0000 2018,Negativo,:(
1043634092540153856,mentira enzinho te amo meu neném QUEM EH MEU PRIMINHO MAIS LINDO EH VC MEU AMO :(,Sat Sep 22 22:52:12 +0000 2018,Negativo,:(
1043627612264906752,@hxrrysdement MENTIRA :(,Sat Sep 22 22:26:27 +0000 2018,Negativo,:(
1043617775007277056,@pedro_oli19 Mentira :((,Sat Sep 22 21:47:21 +0000 2018,Negativo,:(
1043612992057806849,@andreiaxavlis Mentira :(,Sat Sep 22 21:28:21 +0000 2018,Negativo,:(
1043615815331926017,@nicondthniners mentira &gt;:(,Sat Sep 22 21:39:34 +0000 2018,Negativo,:(
1044186076125032448,"Mentira, eu que vou ser arrasada.... :(",Mon Sep 24 11:25:35 +0000 2018,Negativo,:(
1044165298746785792,"Mentira, vai sim :( https://t.co/M5EtHYjpi2",Mon Sep 24 10:03:01 +0000 2018,Negativo,:(
1044098827609927681,mentira gordito :(( https://t.co/VA1zC0aHin,Mon Sep 24 05:38:53 +0000 2018,Negativo,:(
1044091452500955136,@sellanesxsuarez mentira :(,Mon Sep 24 05:09:35 +0000 2018,Negativo,:(
1044077769624301568,espero q seja mentira :(,Mon Sep 24 04:15:12 +0000 2018,Negativo,:(
1044062420870803456,"mentira, eu só queria que ela fosse minha owner :((((",Mon Sep 24 03:14:13 +0000 2018,Negativo,:(
1044055667449966597,"@GengZZinPang Nooo, mentira :( 💖",Mon Sep 24 02:47:23 +0000 2018,Negativo,:(
1044047140245393409,"mentirada, sempre tem fim :(",Mon Sep 24 02:13:30 +0000 2018,Negativo,:(
1044042507594715138,@beatrizkalil mentira sério? aff :((( pior q já imaginava,Mon Sep 24 01:55:05 +0000 2018,Negativo,:(
1044035902257942528,@franndela_ mentira eu :(,Mon Sep 24 01:28:51 +0000 2018,Negativo,:(
1044037029288390656,mentira bbcito :( https://t.co/yqW0dUSEsl,Mon Sep 24 01:33:19 +0000 2018,Negativo,:(
1044032683729440771,é mentira o akise é um anjo :( — nem vc acredita nisso https://t.co/jVaoHl4emM,Mon Sep 24 01:16:03 +0000 2018,Negativo,:(
1044029751084617728,"@leleoporra que mentira, meu cel quebrou :(",Mon Sep 24 01:04:24 +0000 2018,Negativo,:(
1044029642938683392,@iagod666 mentira..... ainda cuspiu em mim :(,Mon Sep 24 01:03:58 +0000 2018,Negativo,:(
1044396742580596738,@jordandiazAR mentira topardo :),Tue Sep 25 01:22:42 +0000 2018,Positivo,:)
1044410258947538944,mentira nao queria nao eu gosto de ser fofa assim :),Tue Sep 25 02:16:24 +0000 2018,Positivo,:)
1044360824754753536,@Nonooo185 Mentira simplesmente fizeste uma pergunta estúpida e eu respondi te com uma resposta estúpida :),Mon Sep 24 22:59:58 +0000 2018,Positivo,:)
1044332761622958085,"mentira -ouvir a história do Tiago que quis bater na mãe. E comeq sei disto? Pq a Dona Antónia contou à dona Mena, que por sua vez contou à aldeia inteira e a Dona Maria José, que odeia mexericos, foi contar às amigas no comboio... amigas as quais juraram não contar a ninguém :)",Mon Sep 24 21:08:27 +0000 2018,Positivo,:)
1044428149860163584,@RonaldoQuinte15 que mentiraaaa :((,Tue Sep 25 03:27:30 +0000 2018,Negativo,:(
1044412438509170688,@fe_grange @Ly_Arthur_ AAAAAAA MENTIRA??????? :((((((((((,Tue Sep 25 02:25:04 +0000 2018,Negativo,:(
1044410265369006080,@dania_vr Mames que mentira :(,Tue Sep 25 02:16:26 +0000 2018,Negativo,:(
1044403046351089665,@wsthor mentira. ninguém ama nada mais do que eu amo você. &gt;:(,Tue Sep 25 01:47:44 +0000 2018,Negativo,:(
1044402828373053442,"Já basta toda humilhação e mentira que o moleque passa, não quero que isso também seja mentira :(",Tue Sep 25 01:46:53 +0000 2018,Negativo,:(
1044391767834054656,@991QF É mentira :(,Tue Sep 25 01:02:55 +0000 2018,Negativo,:(
1044388787596533760,"mentira, só quero carinho e atenção :(",Tue Sep 25 00:51:05 +0000 2018,Negativo,:(
1044369279968260097,@DelMoroGuille mentira :(,Mon Sep 24 23:33:34 +0000 2018,Negativo,:(
1044370741058314240,@hyunjincute e nao mentiram!!!! no início eh perfeitooo sem tirar nem por dps do ep 10 vira uma palhaçada jkkkkk eu n indicaria :(,Mon Sep 24 23:39:22 +0000 2018,Negativo,:(
1044366702295896065,@valublessed era mentira :(,Mon Sep 24 23:23:19 +0000 2018,Negativo,:(
1044365597558149120,Mentira :( https://t.co/hBaW1aKQsI,Mon Sep 24 23:18:56 +0000 2018,Negativo,:(
1044360316577107968,"mentira foi avc, ele tinha diabetes e ele sempre passava mal por conta MANO AAAAAAAAAAAAAAAAAAAAAAA PORRA :(",Mon Sep 24 22:57:57 +0000 2018,Negativo,:(
1044359658876612609,"@vjtoriia Mentira, vc falou que não gosta de mim :(",Mon Sep 24 22:55:20 +0000 2018,Negativo,:(
1044358544877920256,@whomath @kevinngontijo é mentira!! não faça isso :(,Mon Sep 24 22:50:54 +0000 2018,Negativo,:(
1044352791328825344,@dmequeno no spotify tem o mentiras el musical sinfônico e ela participa kkkkkkk aí hoje escutei :(,Mon Sep 24 22:28:03 +0000 2018,Negativo,:(
1044346800025620480,MENTIRAS :( https://t.co/14FMBmYNMy,Mon Sep 24 22:04:14 +0000 2018,Negativo,:(
1044340198132391937,mentira que eu sou 100% as duas e ninguém me quer :( https://t.co/nntX9n8ftJ,Mon Sep 24 21:38:00 +0000 2018,Negativo,:(
1044338578107633664,"Mentira, eu tento ser saudável :(",Mon Sep 24 21:31:34 +0000 2018,Negativo,:(
1044335061544448000,"mentira, tenho outros trampos pra fazer :(",Mon Sep 24 21:17:36 +0000 2018,Negativo,:(
1044442691310964736,@marvolker Era mentira :((((,Tue Sep 25 04:25:17 +0000 2018,Negativo,:(
1044440690443407361,@Chqllensh Mentiras :(,Tue Sep 25 04:17:20 +0000 2018,Negativo,:(
1044557597066620928,"ok de boa nem queria emsmo :-(((((( mentira... ok sendo assim tudo bem ate mais, passar bem. seja feliz e boa sorte em sua vida — boe... isso é sério?? https://t.co/zX0OzqZ3Hd",Tue Sep 25 12:01:52 +0000 2018,Negativo,:(
1044528265908629504,"@thorswft minha vida foi uma mentira :( mas n sei jogar baralho, apenas fazer truques e embaralhar de uma maneira legalzinha",Tue Sep 25 10:05:19 +0000 2018,Negativo,:(
1044522162277822464,@hwneunbin mas que mentira sua fdp quem eu ia xingar? e quem ia ser minha melhor amiga? :(,Tue Sep 25 09:41:04 +0000 2018,Negativo,:(
1044456773992763392,@SpainRepublican Mentira &gt;:(,Tue Sep 25 05:21:14 +0000 2018,Negativo,:(
1044430511299538944,@filmwillnotdie Mentira. :(,Tue Sep 25 03:36:53 +0000 2018,Negativo,:(
1044561780629012480,"mentira, foi pra estudar redação mesmo :)",Tue Sep 25 12:18:30 +0000 2018,Positivo,:)
1044844139433644034,@Marco_2307 Lol isso é mentira :):),Wed Sep 26 07:00:29 +0000 2018,Positivo,:)
1044763365183299585,"@alitzel_av Mentira, te amo :)",Wed Sep 26 01:39:31 +0000 2018,Positivo,:)
1044715063410655232,@freitas_ingryd Mentira. Talvez vc tenha entendido. :),Tue Sep 25 22:27:35 +0000 2018,Positivo,:)
1044684444442001409,@SergoPamboukian Tem mentira não senhor. Estão certíssimos esses esquerdistas. :),Tue Sep 25 20:25:55 +0000 2018,Positivo,:)
1044679865851674624,"@RogerDalsoto @doce_mentira @omichelmonteiro @eitaloucas @Bradesco @falanext Oi, o desconto de 15% permanece até dia 31/12/2018 :)",Tue Sep 25 20:07:43 +0000 2018,Positivo,:)
1044681330787782656,@aqueimadinha que mentira :)))),Tue Sep 25 20:13:33 +0000 2018,Positivo,:)
1044675256886210560,no mentira bursitis isquiatica reqla :) https://t.co/g6dZU99nJV,Tue Sep 25 19:49:25 +0000 2018,Positivo,:)
1044832986192138240,@_requiem0fstars Mentira :(,Wed Sep 26 06:16:10 +0000 2018,Negativo,:(
1044789650970349568,MENTIRA MI CIELO TE AMO MUCHO MUCHO HHFJXUVHVHGHFHBYHVFV EN SERIO :( https://t.co/lSyhdYbdLd,Wed Sep 26 03:23:58 +0000 2018,Negativo,:(
1044783427965341696,@x_hagc_x mentira :(,Wed Sep 26 02:59:15 +0000 2018,Negativo,:(
1044783058145161217,@rcorsinis ah mentira :(,Wed Sep 26 02:57:46 +0000 2018,Negativo,:(
1044782826607050752,@SpookyReiter Mentira chamam sim eu sou um otário :(,Wed Sep 26 02:56:51 +0000 2018,Negativo,:(
1044780821050257408,"@insannio ai mentira, vou ver se alguem tem dela pra me dar/vender :(((",Wed Sep 26 02:48:53 +0000 2018,Negativo,:(
1044777631558713344,@PPTeamRafa Basta de mentiras&gt;:(,Wed Sep 26 02:36:13 +0000 2018,Negativo,:(
1044768569542758401,@dayrolfc é mentira né ? :(,Wed Sep 26 02:00:12 +0000 2018,Negativo,:(
1044765264636780547,@seumundim Mentira :( porcão é tu,Wed Sep 26 01:47:04 +0000 2018,Negativo,:(
1044764947262164999,@cancer_hn mentira :(,Wed Sep 26 01:45:48 +0000 2018,Negativo,:(
1044759432133926912,mentira n vo ele n anda na neve :(,Wed Sep 26 01:23:53 +0000 2018,Negativo,:(
1044759128428695552,@mello_triste eu n to falando mentira :(,Wed Sep 26 01:22:41 +0000 2018,Negativo,:(
1044757145231806466,o fetinho me deixou :((( — mentira!!!! pq??? ): tá sozinha??? eh nois ))): https://t.co/PTlaDR3mxN,Wed Sep 26 01:14:48 +0000 2018,Negativo,:(
1044758702572679169,@piresshelena Ahh mentira??? :(,Wed Sep 26 01:21:00 +0000 2018,Negativo,:(
1044753335549595648,Mentira :( https://t.co/QodumUUsAj,Wed Sep 26 00:59:40 +0000 2018,Negativo,:(
1044750724599631874,@effectsljm ai mentiraaaaa. é sério? ai to triste 2× agr :(,Wed Sep 26 00:49:17 +0000 2018,Negativo,:(
1044751970152656897,@camxlmjsf mentira :(,Wed Sep 26 00:54:14 +0000 2018,Negativo,:(
1044744431528800256,@odetojjk mentira &gt;:(,Wed Sep 26 00:24:17 +0000 2018,Negativo,:(
1044743570870153217,@tensIeyknight @ryikemeadows que mentira meu amor :((((( eu falo com vc a hora que vc quiser,Wed Sep 26 00:20:52 +0000 2018,Negativo,:(
1044741283133173760,ai mentira queria sim tinha até um bilhetinho :((,Wed Sep 26 00:11:46 +0000 2018,Negativo,:(
1044739173654171653,@bea_ozorio mentira :(,Wed Sep 26 00:03:23 +0000 2018,Negativo,:(
1044735235785674757,mentira rs kkkkkkk preciso de nota e o 4° bimestre já tá ai :(,Tue Sep 25 23:47:45 +0000 2018,Negativo,:(
1044734259385307136,@stuckerwes mentira amiga sou uma cavala vou fazer 18 :((,Tue Sep 25 23:43:52 +0000 2018,Negativo,:(
1044734217320583168,@mariadoLubss Sim :( tudo mentira isso,Tue Sep 25 23:43:42 +0000 2018,Negativo,:(
1044975192223756288,"Mentira, gente, ela queria mesmo era vender os caderninhos artesanais que ela faz. Mas a família, o melhor amigo e a sociedade querem que ela faça uma faculdade e siga o ~padrão. Júlia tá bem libriana e passando por um turbilhão de confusões que vcs só vão saber lendo :P",Wed Sep 26 15:41:15 +0000 2018,Positivo,:)
1044976189968928769,mentira 😅 a parte da casa só :))),Wed Sep 26 15:45:13 +0000 2018,Positivo,:)
1044956429734617088,"@sergiopavanello isso é mentira kkkkkkkkkkkkkkkkkkkkkkkkkkkkkkkkkkkkkkkkkk o cara não tava com camiseta de ninguém, e isso aí não é a entrada da UFPB, é um dos corredores, e essa pessoa sem juízo tava fazendo uma performance... Quem tá lhe dizendo isso é alguém que estudou lá por 5 anos :)",Wed Sep 26 14:26:41 +0000 2018,Positivo,:)
1044942765027741698,@eduwolfp Ahhhhhhh mentira :) assinando agora,Wed Sep 26 13:32:23 +0000 2018,Positivo,:)
1044946394925207552,@welli_n kkkk q mentira :),Wed Sep 26 13:46:49 +0000 2018,Positivo,:)
1044940914345611264,"Ahahah sou escorpião, mentira :)))))) https://t.co/boA2R5o95E",Wed Sep 26 13:25:02 +0000 2018,Positivo,:)
1044923759029878784,mentira gnt eu n sou assim tbm n sou bem atenta na aula :),Wed Sep 26 12:16:52 +0000 2018,Positivo,:)
1044914199317614592,@hisnaiderlimaa mentira vc é lindo demais :p,Wed Sep 26 11:38:53 +0000 2018,Positivo,:)
1045058293285163014,espero q seja mentira pq não tenho dinheiro se eu não posso ninguém mais pode :) https://t.co/qZeq1kNk3d,Wed Sep 26 21:11:28 +0000 2018,Positivo,:)
1045043352939483136,"@carricinho8 Mentira, felizmente ainda não me pegaste vicios :))",Wed Sep 26 20:12:05 +0000 2018,Positivo,:)
1045025420150804481,"@MariaJoaoLeite1 Aahaha mentira. Estás como estás na foto, depois foi trabalho de edição :) ahahahahha jk",Wed Sep 26 19:00:50 +0000 2018,Positivo,:)
1045489518592356352,@cristobalpescer Mentira te amo :),Fri Sep 28 01:45:00 +0000 2018,Positivo,:)
1045477322869092353,@wonderl3ddy Eii já falei que não é mentira :) https://t.co/FORRm6Wja1,Fri Sep 28 00:56:32 +0000 2018,Positivo,:)
1045474784413405189,"mentira, não preciso disso!!!! eu mostro que eu sou diferente :)",Fri Sep 28 00:46:27 +0000 2018,Positivo,:)
1045463936890482688,mentira gente to de meme :P,Fri Sep 28 00:03:20 +0000 2018,Positivo,:)
1045428313001545729,@sofiavbreda @sara_mar6 Ahaaha mentira @ines5md ela sabe :))),Thu Sep 27 21:41:47 +0000 2018,Positivo,:)
1045057844343689217,"mentira na minha lista de coisas que eu quero essa é uma das menos importantes :) meus cuidados pessoas e acadêmicos vem antes, bem antes https://t.co/vLKd3rCxe5",Wed Sep 26 21:09:40 +0000 2018,Positivo,:)
1045419036950102018,es linda &lt;3 hahah mentira .. es feia :) — Ya eu sei que sou feia 😘 https://t.co/P9zf8L3TMp,Thu Sep 27 21:04:56 +0000 2018,Positivo,:)
1045401670602166278,@larosqi É mentira é :),Thu Sep 27 19:55:55 +0000 2018,Positivo,:)
1045397477464125440,@liviagncv mentira vc eh maravilhosa :P,Thu Sep 27 19:39:15 +0000 2018,Positivo,:)
1045395447110602752,"@joaopedro758 Mentira, estavas virado para a frente :)))",Thu Sep 27 19:31:11 +0000 2018,Positivo,:)
1045378520539713536,@folha mentira :D,Thu Sep 27 18:23:56 +0000 2018,Positivo,:)
1045378739809472512,Da série parece mentira mas não é... Rs rs rs. Ramsés II tem passaporte válido :D https://t.co/Js9nrvMv0w,Thu Sep 27 18:24:48 +0000 2018,Positivo,:)
1045359519990247425,É tudo mentira viu? As pessoas só são curiosas mesmo. :) https://t.co/nWkrZi6rYp,Thu Sep 27 17:08:26 +0000 2018,Positivo,:)
1045352597266354181,@Joviczin nem gosto....mentira levei ban! :),Thu Sep 27 16:40:55 +0000 2018,Positivo,:)
1045344954061664256,Pesquisa pro meu mestrado (mentira. É pro Podcast mesmo 😁): Qual a música que você mais gosta daquelas bandas de um hit só? Pra mim é The Final Countdown do Europe. :),Thu Sep 27 16:10:33 +0000 2018,Positivo,:)
1045315458071703553,@jaexpval Es mentira :),Thu Sep 27 14:13:20 +0000 2018,Positivo,:)
1046268765166604288,@jazzdfideliz @YasuoAutista Mentira te amo :p,Sun Sep 30 05:21:27 +0000 2018,Positivo,:)
1046276000076763136,@marininhaxx ah mentira vc q faz isso cmg :(,Sun Sep 30 05:50:11 +0000 2018,Negativo,:(
1046249001136410624,@xumin_n jsksks mentira te quiero bebé :(,Sun Sep 30 04:02:54 +0000 2018,Negativo,:(
1046240191038533632,"@grigiowife @milasrsly Mentira! Que merda, cara :(",Sun Sep 30 03:27:54 +0000 2018,Negativo,:(
1046232328849293312,mentira poussey te amo mt :(,Sun Sep 30 02:56:39 +0000 2018,Negativo,:(
1046227172929753088,@poemkdn mentira oppar :(,Sun Sep 30 02:36:10 +0000 2018,Negativo,:(
1046222754343800839,@detailsmx mENTIRA O AMOR DA MINHA VIDA TODA :(,Sun Sep 30 02:18:37 +0000 2018,Negativo,:(
1046219690081701888,@DanielaaNicole3 Mentira :(,Sun Sep 30 02:06:26 +0000 2018,Negativo,:(
1046226057626554368,@hyungwoniric mentira :((,Sun Sep 30 02:31:44 +0000 2018,Negativo,:(
1046217953992232961,mentira pq nem me segue :( https://t.co/XkUnJaNUpq,Sun Sep 30 01:59:32 +0000 2018,Negativo,:(
1046214579242569733,"mentira n é pra tanto mas era melhor demitir ele do que SARAH DREW E JESSICA CAPSHAW, donas das personagens ate entao restantes que mais evoluiram na serie :( maggie pierce e owen n evoluem nao andam nao progridem credo xau",Sun Sep 30 01:46:08 +0000 2018,Negativo,:(
1046203900787855360,@fe_castro1 aí mentira :( pode usa a minha sempre que quise miga só pedi,Sun Sep 30 01:03:42 +0000 2018,Negativo,:(
1046205134848622595,@dianaraquel__ Mentira :(( só tirei 3 pedaços,Sun Sep 30 01:08:36 +0000 2018,Negativo,:(
1046199984201375749,@versotica Mentira :(,Sun Sep 30 00:48:08 +0000 2018,Negativo,:(
1046197945358594049,@Titcho02 :( é mentira,Sun Sep 30 00:40:02 +0000 2018,Negativo,:(
1046196725789196288,Altaaaaa mentira&gt;:( https://t.co/CRvgSlaFYU,Sun Sep 30 00:35:11 +0000 2018,Negativo,:(
1046195738563227649,"O cu. :( Mentira, um beijinho. https://t.co/tJ97TKaj9q",Sun Sep 30 00:31:16 +0000 2018,Negativo,:(
1046196900276436992,@Claudiablah No mentira tampoco así :( jshdshj,Sun Sep 30 00:35:53 +0000 2018,Negativo,:(
1046187350487752704,@zabeliams do *** mentira só queria sinal de vida :(,Sat Sep 29 23:57:56 +0000 2018,Negativo,:(
1046182283768729601,"@mkarolqueiroz É verdade esse bilete n Mentira, tô com saudades kkkkkkkkkk :(",Sat Sep 29 23:37:48 +0000 2018,Negativo,:(
1046158605525889024,@suganraveng79 @BTS_twt MENTIRA AJFNKDF ESTA DE NAM :( ES RAN LINDO @BTS_twt https://t.co/elSLIH38kW,Sat Sep 29 22:03:42 +0000 2018,Negativo,:(
1046158052901236738,@PachiSalgado Mentira :( vos sos lindo ♡,Sat Sep 29 22:01:31 +0000 2018,Negativo,:(
1046153363946131456,"vcs já mentiram só pq tem medo de magoar as pessoas? pq eu sim, e isso acaba cmg :(",Sat Sep 29 21:42:53 +0000 2018,Negativo,:(
1046776441592041477,"@malenico50 Parece mentira, :)",Mon Oct 01 14:58:46 +0000 2018,Positivo,:)
1046760183962243078,@mymotoredheart MENTIRA ENCONTREI (nao a que eu queria mas serve tb :D) https://t.co/8OdLnXZqUu,Mon Oct 01 13:54:10 +0000 2018,Positivo,:)
1046744030082715648,"@Cloud9 @KaBuMESports Mentira, deu sim! :) Obrigado hahahaha",Mon Oct 01 12:49:58 +0000 2018,Positivo,:)
1046798597524803590,“nunca mais vou pisar em santos” mentira tenho que votar aqui :(,Mon Oct 01 16:26:48 +0000 2018,Negativo,:(
1046794766862700544,"mentira, vou ir :(",Mon Oct 01 16:11:35 +0000 2018,Negativo,:(
1046747761457205249,"mentira, peguei meu crush😎😎👍 e me apeguei :(",Mon Oct 01 13:04:48 +0000 2018,Negativo,:(
1046728459744096258,mentira n sou assim :(((( https://t.co/9dCfStNVh7,Mon Oct 01 11:48:06 +0000 2018,Negativo,:(
1046724402505822209,@GabrielaOtto14 Mentiraaaaaa kkkk que bad :(,Mon Oct 01 11:31:59 +0000 2018,Negativo,:(
1046699471248199681,@soumaisqteupai mentira :(,Mon Oct 01 09:52:55 +0000 2018,Negativo,:(
1046683165371367424,@LeonorFreitas15 mentira :(,Mon Oct 01 08:48:07 +0000 2018,Negativo,:(
1046665202790477824,@ValentinaMias23 Mentira :(,Mon Oct 01 07:36:45 +0000 2018,Negativo,:(
1047039028569280512,@mendoza_247 :(( mentiraaaaaa,Tue Oct 02 08:22:12 +0000 2018,Negativo,:(
1046999870526111746,mentira gente ele nem lembra q eu existo :( https://t.co/f9fvjOvYqP,Tue Oct 02 05:46:36 +0000 2018,Negativo,:(
1046994984841490435,@sofiguillen_ Mentira -5 :(,Tue Oct 02 05:27:11 +0000 2018,Negativo,:(
1046974807756218368,@marlon_garcia10 Mentira :(,Tue Oct 02 04:07:00 +0000 2018,Negativo,:(
1046989774463164417,"@gabyeih Mentira w, me da miedo ir a Cln :(",Tue Oct 02 05:06:29 +0000 2018,Negativo,:(
1046965659144478721,@EmersomSD @Daynnersouza Que mentiraaa :((,Tue Oct 02 03:30:39 +0000 2018,Negativo,:(
1046950849732390912,"Mentira, n sei fazer RPG direito :((",Tue Oct 02 02:31:48 +0000 2018,Negativo,:(
1046942991796097026,@henriquemerda aaa mentiraaaa :(,Tue Oct 02 02:00:35 +0000 2018,Negativo,:(
1046943748578529280,@jcdelgado79 :( mentira,Tue Oct 02 02:03:35 +0000 2018,Negativo,:(
1046936145253281792,@cabeIIovatx :( mentira,Tue Oct 02 01:33:22 +0000 2018,Negativo,:(
1046931052114169856,@SeDice_FENreer Mentira :(,Tue Oct 02 01:13:08 +0000 2018,Negativo,:(
1046928958959304709,@SolariusOliveir mentira sua :(,Tue Oct 02 01:04:49 +0000 2018,Negativo,:(
1046920660390428672,"@laysaguerra_ mentira, foi só de 15cm :(((((",Tue Oct 02 00:31:50 +0000 2018,Negativo,:(
1046921110162423810,@lowinvicks NÃO GRITA CMG AAAAAA E É MENTIRA SIM &gt;:( https://t.co/v6OX9yJ2B6,Tue Oct 02 00:33:38 +0000 2018,Negativo,:(
1046917132053823488,"@ch1slu @OBobJohnes mentira, fullo com o bob :(",Tue Oct 02 00:17:49 +0000 2018,Negativo,:(
1047415521308823552,"Isso, continuem a inventar mentiras sobre a praxe, que o pessoal que a experimenta percebe que é das melhores coisas da faculdade e acaba por aparecer todos os dias :)",Wed Oct 03 09:18:14 +0000 2018,Positivo,:)
1047335409603235840,"@beaatrizguim_ @bia_bragap Mentiraaaa!!! Pensei que só era Bia, prontooo vamos marcar domingo eu faço um monte de comidinha pode ser? :)",Wed Oct 03 03:59:54 +0000 2018,Positivo,:)
1047502542329053184,@exuxui se for mentira eu apago esse tweetou me faço de sonsa e finjo q nada aconteceu :) ou n... vou procurar aqui sobre,Wed Oct 03 15:04:02 +0000 2018,Positivo,:)
1047480857118879744,@RaquelMBarreto_ Mentira q vc vai negar por causa da distância :),Wed Oct 03 13:37:52 +0000 2018,Positivo,:)
1047472125727203329,"@DisessaRafael hahahahah mentira isso ai, hoje eu fui INCLUSIVE fui na casinha, mas dai começou a chover, voltei pra casa :)",Wed Oct 03 13:03:10 +0000 2018,Positivo,:)
1047559433075810304,Mentira!! Eu não acho... :) https://t.co/6wqqxYfHbp,Wed Oct 03 18:50:06 +0000 2018,Positivo,:)
1047533760604987398,@marianalves521 Ainda bem porque é mentira :),Wed Oct 03 17:08:05 +0000 2018,Positivo,:)
1048387044832137216,"😃- melhor humor do mundo (mentiraaa), as vezes me irrita mas msm assim amo mtt!! Criancinha que ta virando adolescente!! :))",Sat Oct 06 01:38:44 +0000 2018,Positivo,:)
1049183385527226368,"Mentira, eu te amo :D https://t.co/XwdcTgMZAq",Mon Oct 08 06:23:06 +0000 2018,Positivo,:)
1049146901017382912,@blius31 @Vinncent mentira :),Mon Oct 08 03:58:08 +0000 2018,Positivo,:)
1049134310010359810,@fxsparkIe Pqleowkdd es mentira :),Mon Oct 08 03:08:06 +0000 2018,Positivo,:)
1049108780452143105,Vc me ama? :D — não eu te odeio kkk mentira ♥ https://t.co/H6iLEqTgBA,Mon Oct 08 01:26:39 +0000 2018,Positivo,:)
1049320565704675329,"@alicegm13 lgco q é, pq é só mentira podia ser verdade imagina LKKKKKKKKKKK :(",Mon Oct 08 15:28:12 +0000 2018,Negativo,:(
1049318685696040960,"@ivegothoneyy Mentira, já não perco foguinho à mais de um mês e não mando só snaps gerais :(((",Mon Oct 08 15:20:44 +0000 2018,Negativo,:(
1049316072376229889,"Mas é mentira dela, ela não vai não :(",Mon Oct 08 15:10:21 +0000 2018,Negativo,:(
1049310376351948800,"parece mentira, mas já trombei uma madame com uma dessas camisas paia do Brasil humilhando a caixa do mercado :(",Mon Oct 08 14:47:43 +0000 2018,Negativo,:(
1049303740161937408,@mrRXt Mentira :(,Mon Oct 08 14:21:21 +0000 2018,Negativo,:(
1049286603502321665,@asexualien ANAO HARU MENTIRA :((((( mas que porra nao se da mais pra confiar em nonguem neste caralho,Mon Oct 08 13:13:15 +0000 2018,Negativo,:(
1049285073286119430,"@thevellichxr Mentiraaaaaaaaaaa! Quando eu era carinhosa você era um filhote de satanás e ainda debochava de mim, nunca mais fui boazinha contigo, seu ruim. &gt;:((((((",Mon Oct 08 13:07:10 +0000 2018,Negativo,:(
1049281251931312128,"@saracuranoix Ah, mentira! Bá, irmão, não me diz um troço desse, eu passo na frente da casa dela e sempre olho pra ver se não vejo ela :(",Mon Oct 08 12:51:59 +0000 2018,Negativo,:(
1049284367850385409,"@097JNSL Mentira!!!! Você era ruim já de cara e por isso me estragou. Eu sempre fui super querido, poderia até ter cozinhado pra você e dado presentinho se tu não fosse tão ruim comigo &gt;:(",Mon Oct 08 13:04:22 +0000 2018,Negativo,:(
1049283594085179397,@joelordie Mentira :(,Mon Oct 08 13:01:18 +0000 2018,Negativo,:(
1049273624878874631,@FioreBeltran mentira :(,Mon Oct 08 12:21:41 +0000 2018,Negativo,:(
1049254619602477057,@for_ublue MENTIRA???? :(((((,Mon Oct 08 11:06:10 +0000 2018,Negativo,:(
1049253051595476992,"@alebserra Mentira, sério? Ai que horror e eu fazendo piada :-(",Mon Oct 08 10:59:56 +0000 2018,Negativo,:(
1049236699161776128,mentira q o Alexandre frota virou deputado? :(,Mon Oct 08 09:54:57 +0000 2018,Negativo,:(
1049156655416594432,mentira ce mora em outra cidade :((,Mon Oct 08 04:36:53 +0000 2018,Negativo,:(
1049154703509151745,queria acordar e saber que isso tudo é mentira :(,Mon Oct 08 04:29:08 +0000 2018,Negativo,:(
1049151617692569600,"@mscelori aiii amiga, mentira que tua mami ai de bozo no segundo turno :(",Mon Oct 08 04:16:52 +0000 2018,Negativo,:(
1049150923556184064,podia ser mentira ne :(,Mon Oct 08 04:14:07 +0000 2018,Negativo,:(
1049138055943213056,@Thamii HAHAHAHHA praga!! Menina mas mentira que você tá com dor no pulso também? To há dias assim mas de uns 2 dias pra cá não consigo nem secular um copo com a mão esquerda e olha que sou destra :(,Mon Oct 08 03:22:59 +0000 2018,Negativo,:(
1049137225982758912,"@Melissaschavez Oso oso, eso es mentira :(",Mon Oct 08 03:19:41 +0000 2018,Negativo,:(
1049133602112512000,mentira é so o pedro passei para dizer que to com sdds — fdp desgraçado tambem to com sdds meu amorrrr :( https://t.co/q2P4PGvmzp,Mon Oct 08 03:05:17 +0000 2018,Negativo,:(
